YEAR,MONTH,DATE,SBC_SITE,LOCATION,COUNT,ACTIVITY,NOTES
2007,5,5/1/2007,MOHK,MOHK,0,NA,NA
2007,5,5/2/2007,ABUR,ABUR,0,NA,NA
2007,5,5/2/2007,MOHK,MOHK,0,NA,NA
2007,5,5/7/2007,MOHK,MOHK,1,FEEDING,SOUTHEAST OF INSIDE SPAR BUOY
2007,5,5/8/2007,AQUE,AQUE,0,NA,NA
2007,5,5/13/2007,MOHK,MOHK,0,NA,NA
2007,5,5/14/2007,MOHK,MOHK,0,NA,NA
2007,5,5/15/2007,MOHK,MOHK,0,NA,NA
2007,5,5/16/2007,GOLB,MOORE MESA,1,FEEDING,NA
2007,5,5/22/2007,MOHK,MOHK,0,NA,NA
2007,5,5/23/2007,MOHK,MOHK,0,NA,NA
2007,5,5/24/2007,SCTW,SCTW,0,NA,NA
2007,5,5/24/2007,SCDI,SCDI,0,NA,NA
2007,5,5/25/2007,MOHK,MOHK,0,NA,NA
2007,5,5/30/2007,MOHK,MOHK,0,NA,NA
2007,6,6/4/2007,MOHK,MOHK,0,NA,NA
2007,6,6/4/2007,ABUR,ABUR,0,NA,NA
2007,6,6/7/2007,AQUE,AQUE,0,NA,NA
2007,6,6/8/2007,MOHK,MOHK,0,NA,NA
2007,6,6/12/2007,MOHK,MOHK,0,NA,NA
2007,6,6/13/2007,MOHK,MOHK,0,NA,NA
2007,6,6/19/2007,MOHK,MOHK,0,NA,NA
2007,6,6/21/2007,MOHK,MOHK,0,NA,NA
2007,6,6/21/2007,GOLB,GOLB,0,NA,NA
2007,6,6/25/2007,AQUE,AQUE,0,NA,NA
2007,6,6/25/2007,NAPL,NAPL,0,NA,NA
2007,6,6/26/2007,BULL,BULL,0,NA,NA
2007,6,6/26/2007,AHND,AHND,0,NA,NA
2007,6,6/26/2007,AHND,AHND,1,FEEDING,NA
2007,6,6/26/2007,NAPL,NAPL,0,NA,NA
2007,6,6/28/2007,MOHK,SHORELINE DRIVE,1,PREENING,NA
2007,7,7/2/2007,AQUE,AQUE,0,NA,NA
2007,7,7/3/2007,NAPL,NAPL,0,NA,NA
2007,7,7/3/2007,NAPL,NAPL,0,NA,NA
2007,7,7/5/2007,CARP,CARP,0,NA,NA
2007,7,7/9/2007,ABUR,ABUR,0,NA,NA
2007,7,7/9/2007,MOHK,MOHK,0,NA,NA
2007,7,7/10/2007,CARP,CARP,0,NA,NA
2007,7,7/10/2007,SCTW,ORIZABA REEF,0,NA,NA
2007,7,7/12/2007,MOHK,MOHK,0,NA,NA
2007,7,7/16/2007,MOHK,MOHK,0,NA,NA
2007,7,7/16/2007,GOLB,GOLB,0,NA,NA
2007,7,7/17/2007,NAPL,NAPL,0,NA,NA
2007,7,7/17/2007,AQUE,AQUE,0,NA,NA
2007,7,7/18/2007,CARP,CARP,0,NA,NA
2007,7,7/19/2007,BULL,BULL,0,NA,NA
2007,7,7/19/2007,AHND,AHND,0,NA,NA
2007,7,7/20/2007,MOHK,MOHK,0,NA,NA
2007,7,7/20/2007,IVEE,IVEE,0,NA,NA
2007,7,7/20/2007,ABUR,ABUR,0,NA,NA
2007,7,7/23/2007,NAPL,NAPL,0,NA,NA
2007,7,7/24/2007,NAPL,NAPL,0,NA,NA
2007,7,7/25/2007,CARP,CARP,0,NA,NA
2007,7,7/26/2007,SCTW,SCTW,0,NA,NA
2007,7,7/26/2007,SCDI,SCDI,0,NA,NA
2007,8,8/1/2007,AQUE,AQUE,0,NA,NA
2007,8,8/2/2007,MOHK,MOHK,0,NA,NA
2007,8,8/2/2007,ABUR,ABUR,0,NA,NA
2007,8,8/8/2007,MOHK,MOHK,0,NA,NA
2007,8,8/17/2007,AQUE,AQUE,0,NA,NA
2007,8,8/17/2007,NAPL,NAPL,0,NA,NA
2007,8,8/17/2007,MOHK,MOHK,0,NA,NA
2007,8,8/17/2007,CARP,CARP,0,NA,NA
2007,8,8/20/2007,CARP,CARP,0,NA,NA
2007,8,8/23/2007,MOHK,MOHK,0,NA,NA
2007,8,8/30/2007,AQUE,AQUE,0,NA,NA
2007,9,9/5/2007,MOHK,MOHK,0,NA,NA
2007,9,9/7/2007,MOHK,MOHK,0,NA,NA
2007,9,9/7/2007,ABUR,ABUR,0,NA,NA
2007,9,9/10/2007,MOHK,MOHK,0,NA,NA
2007,9,9/10/2007,ABUR,ABUR,0,NA,NA
2007,9,9/11/2007,MOHK,MOHK,0,NA,NA
2007,9,9/13/2007,MOHK,MOHK,0,NA,NA
2007,9,9/18/2007,OTHER,MONTECITO,0,NA,NA
2007,9,9/18/2007,MOHK,MOHK,0,NA,NA
2007,9,9/19/2007,AQUE,AQUE,0,NA,NA
2007,9,9/19/2007,NAPL,NAPL,0,NA,NA
2007,9,9/29/2007,MOHK,MOHK,0,NA,NA
2007,9,9/29/2007,ABUR,ABUR,0,NA,NA
2007,10,10/8/2007,AQUE,AQUE,0,NA,NA
2007,10,10/10/2007,MOHK,MOHK,0,NA,NA
2007,10,10/12/2007,ABUR,ABUR,0,NA,NA
2007,10,10/12/2007,MOHK,MOHK,0,NA,NA
2007,10,10/16/2007,NAPL,NAPL,0,NA,NA
2007,10,10/17/2007,CARP,CARP,0,NA,NA
2007,10,10/18/2007,ABUR,ABUR,0,NA,NA
2007,10,10/23/2007,MOHK,MOHK,0,NA,NA
2007,10,10/24/2007,MOHK,MOHK,0,NA,NA
2007,10,10/26/2007,MOHK,MOHK,0,NA,NA
2007,10,10/30/2007,NAPL,NAPL,0,NA,NA
2007,10,10/31/2007,CARP,CARP,1,FEEDING,WEST EDGE OF CARPINTERIA REEF
2007,11,11/2/2007,MOHK,MOHK,0,NA,NA
2007,11,11/5/2007,MOHK,MOHK,0,NA,NA
2007,11,11/5/2007,ABUR,ABUR,0,NA,NA
2007,11,11/7/2007,AQUE,AQUE,0,NA,NA
2007,11,11/13/2007,AQUE,AQUE,0,NA,NA
2007,11,11/14/2007,MOHK,MOHK,0,NA,NA
2007,11,11/27/2007,MOHK,MOHK,0,NA,NA
2007,11,11/28/2007,MOHK,MOHK,0,NA,NA
2007,12,12/3/2007,MOHK,MOHK,0,NA,NA
2007,12,12/3/2007,ABUR,ABUR,0,NA,NA
2007,12,12/10/2007,AQUE,AQUE,0,NA,NA
2007,12,12/10/2007,NAPL,NAPL,0,NA,NA
2007,12,12/11/2007,MOHK,MOHK,0,NA,NA
2008,1,1/2/2008,MOHK,MOHK,0,NA,NA
2008,1,1/2/2008,ABUR,ABUR,0,NA,NA
2008,1,1/3/2008,NAPL,NAPL,1,RAFTING,NA
2008,1,1/3/2008,AQUE,AQUE,0,NA,NA
2008,1,1/8/2008,ABUR,ABUR,0,NA,NA
2008,1,1/8/2008,MOHK,MOHK,0,NA,NA
2008,1,1/9/2008,IVEE,IVEE,1,RAFTING,NA
2008,1,1/10/2008,NAPL,NAPL,0,NA,NA
2008,1,1/11/2008,CARP,CARP,0,NA,NA
2008,1,1/15/2008,MOHK,MOHK,0,NA,NA
2008,1,1/17/2008,MOHK,MOHK,0,NA,NA
2008,1,1/30/2008,AQUE,AQUE,0,NA,NA
2008,1,1/31/2008,CARP,CARP,0,NA,NA
2008,1,1/31/2008,MOHK,MOHK,0,NA,NA
2008,2,2/1/2008,AQUE,AQUE,7,RAFTING,1 IN KELP BED; 6 ON OUTER EDGE OF KELP BED
2008,2,2/1/2008,NAPL,NAPL,0,NA,NA
2008,2,2/1/2008,IVEE,IVEE,0,NA,NA
2008,2,2/1/2008,GOLB,GOLB,0,NA,NA
2008,2,2/7/2008,MOHK,MOHK,0,NA,NA
2008,2,2/7/2008,ABUR,ABUR,0,NA,NA
2008,2,2/8/2008,MOHK,MOHK,0,NA,NA
2008,2,2/12/2008,CARP,CARP,0,NA,NA
2008,2,2/20/2008,MOHK,MOHK,0,NA,NA
2008,2,2/27/2008,MOHK,LEADBETTER,1,NA,OUTSIDE LEADBETTER KELP BED
2008,2,2/27/2008,MOHK,LEADBETTER,1,NA,OFFSHORE OF LEADBETTER
2008,3,3/4/2008,GOLB,GOLB,0,NA,NA
2008,3,3/4/2008,MOHK,MOHK,0,NA,NA
2008,3,3/4/2008,ABUR,ABUR,0,NA,NA
2008,3,3/5/2008,AQUE,AQUE,12,NA,EDGE OF KELP BED
2008,3,3/7/2008,AQUE,AQUE,12,NA,OUTSIDE EDGE OF KELP BED
2008,3,3/7/2008,AQUE,AQUE,0,NA,NA
2008,3,3/7/2008,IVEE,DEVEREAUX,1,NA,NA
2008,3,3/7/2008,NAPL,NAPL,0,NA,NA
2008,3,3/11/2008,CARP,CARP,0,NA,NA
2008,3,3/11/2008,MOHK,MOHK,0,NA,NA
2008,3,3/18/2008,MOHK,MOHK,0,NA,NA
2008,3,3/19/2008,MOHK,MOHK,0,NA,NA
2008,3,3/21/2008,MOHK,MOHK,0,NA,NA
2008,3,3/31/2008,BULL,BULL,0,NA,NA
2008,3,3/31/2008,AHND,AHND,0,NA,NA
2008,4,4/1/2008,AQUE,AQUE,11,NA,OUTER EDGE OF KELP BED
2008,4,4/1/2008,IVEE,DEVEREAUX,1,NA,NA
2008,4,4/2/2008,CARP,CARP,0,NA,NA
2008,4,4/3/2008,MOHK,MOHK,0,NA,NA
2008,4,4/3/2008,ABUR,ABUR,0,NA,NA
2008,4,4/7/2008,MOHK,MOHK,0,NA,NA
2008,4,4/9/2008,AQUE,AQUE,9,NA,NA
2008,4,4/9/2008,CARP,HORSESHOE REEF,1,NA,NA
2008,4,4/9/2008,IVEE,DEVEREAUX,20,NA,20+ SEEN
2008,4,4/11/2008,NAPL,NAPL,0,NA,NA
2008,4,4/11/2008,IVEE,IVEE,25,NA,NA
2008,4,4/14/2008,MOHK,MOHK,0,NA,NA
2008,4,4/15/2008,MOHK,MOHK,0,NA,NA
2008,4,4/17/2008,MOHK,MOHK,0,NA,NA
2008,4,4/22/2008,MOHK,MOHK,0,NA,NA
2008,4,4/24/2008,AQUE,AQUE,10,NA,10+
2008,4,4/24/2008,IVEE,IVEE,10,NA,10+
2008,4,4/24/2008,NAPL,NAPL,0,NA,NA
2008,5,5/1/2008,ABUR,ABUR,0,NA,NA
2008,5,5/1/2008,GOLB,MOORE MESA,1,NA,NA
2008,5,5/2/2008,AQUE,AQUE,5,NA,NA
2008,5,5/2/2008,IVEE,DEVEREAUX,1,NA,NA
2008,5,5/2/2008,IVEE,IVEE,42,NA,NA
2008,5,5/6/2008,SCTW,SCTW,0,NA,NA
2008,5,5/6/2008,SCDI,SCDI,0,NA,NA
2008,5,5/8/2008,CARP,CARP,0,NA,NA
2008,5,5/15/2008,MOHK,MOHK,0,NA,NA
2008,5,5/19/2008,IVEE,IVEE,5,NA,NA
2008,5,5/19/2008,NAPL,NAPL,0,NA,NA
2008,5,5/20/2008,CARP,CARP,0,NA,NA
2008,5,5/20/2008,MOHK,MOHK,0,NA,NA
2008,5,5/28/2008,AQUE,AQUE,0,NA,NA
2008,5,5/29/2008,MOHK,MOHK,0,NA,NA
2008,6,6/2/2008,MOHK,MOHK,0,NA,NA
2008,6,6/3/2008,AQUE,AQUE,0,NA,NA
2008,6,6/12/2008,ABUR,ABUR,0,NA,NA
2008,6,6/13/2008,MOHK,MOHK,0,NA,NA
2008,6,6/17/2008,MOHK,MOHK,0,NA,NA
2008,6,6/18/2008,ABUR,ABUR,0,NA,NA
2008,6,6/19/2008,IVEE,IVEE,3,NA,NA
2008,6,6/19/2008,NAPL,NAPL,0,NA,NA
2008,6,6/23/2008,CARP,CARP,0,NA,NA
2008,6,6/24/2008,AQUE,AQUE,0,NA,NA
2008,6,6/26/2008,MOHK,MOHK,0,NA,NA
2008,6,6/30/2008,MOHK,MOHK,0,NA,NA
2008,7,7/1/2008,MOHK,MOHK,0,NA,NA
2008,7,7/1/2008,AQUE,AQUE,0,NA,NA
2008,7,7/5/2008,CARP,CARP,0,NA,NA
2008,7,7/7/2008,MOHK,MOHK,0,NA,NA
2008,7,7/10/2008,MOHK,MOHK,0,NA,NA
2008,7,7/10/2008,ABUR,ABUR,0,NA,NA
2008,7,7/10/2008,ABUR,ABUR,0,NA,NA
2008,7,7/11/2008,NAPL,NAPL,0,NA,NA
2008,7,7/14/2008,AQUE,AQUE,0,NA,NA
2008,7,7/15/2008,CARP,CARP,0,NA,NA
2008,7,7/17/2008,MOHK,MOHK,0,NA,NA
2008,7,7/17/2008,CARP,CARP,0,NA,NA
2008,7,7/21/2008,IVEE,IVEE,0,NA,NA
2008,7,7/21/2008,NAPL,NAPL,0,NA,NA
2008,7,7/22/2008,IVEE,IVEE,0,NA,NA
2008,7,7/22/2008,GOLB,GOLB,0,NA,NA
2008,7,7/22/2008,GOLB,GOLB,0,NA,NA
2008,7,7/23/2008,AQUE,AQUE,0,NA,NA
2008,7,7/23/2008,AQUE,AQUE,0,NA,NA
2008,7,7/24/2008,CARP,CARP,0,NA,NA
2008,7,7/24/2008,CARP,CARP,0,NA,NA
2008,7,7/25/2008,CARP,CARP,0,NA,NA
2008,7,7/25/2008,CARP,CARP,0,NA,NA
2008,7,7/28/2008,NAPL,NAPL,2,FEEDING,NA
2008,7,7/28/2008,NAPL,NAPL,0,NA,NA
2008,7,7/29/2008,BULL,BULL,0,NA,NA
2008,7,7/29/2008,BULL,BULL,0,NA,NA
2008,7,7/29/2008,AHND,AHND,0,NA,NA
2008,7,7/30/2008,SCDI,SCDI,0,NA,NA
2008,7,7/30/2008,SCTW,SCTW,0,NA,NA
2008,7,7/31/2008,ABUR,ABUR,0,NA,NA
2008,7,7/31/2008,MOHK,MOHK,0,NA,NA
2008,8,8/1/2008,NAPL,NAPL,0,NA,NA
2008,8,8/1/2008,NAPL,NAPL,0,NA,NA
2008,8,8/7/2008,MOHK,MOHK,0,NA,NA
2008,8,8/7/2008,ABUR,ABUR,0,NA,NA
2008,8,8/8/2008,AQUE,AQUE,0,NA,NA
2008,8,8/11/2008,CARP,CARP,0,NA,NA
2008,8,8/12/2008,AQUE,AQUE,0,NA,NA
2008,8,8/13/2008,NAPL,NAPL,0,NA,NA
2008,8,8/13/2008,NAPL,NAPL,0,NA,NA
2008,8,8/14/2008,MOHK,MOHK,0,NA,NA
2008,8,8/18/2008,CARP,CARP,0,NA,NA
2008,8,8/19/2008,MOHK,MOHK,0,NA,NA
2008,8,8/20/2008,ABUR,ABUR,0,NA,NA
2008,8,8/20/2008,MOHK,MOHK,0,NA,NA
2008,8,8/28/2008,MOHK,MOHK,0,NA,NA
2008,9,9/3/2008,AQUE,AQUE,0,NA,NA
2008,9,9/4/2008,ABUR,ABUR,0,NA,NA
2008,9,9/4/2008,MOHK,MOHK,0,NA,NA
2008,9,9/9/2008,NAPL,NAPL,0,NA,NA
2008,9,9/9/2008,GOLB,GOLB,0,NA,NA
2008,9,9/11/2008,GOLB,GOLB,0,NA,NA
2008,9,9/11/2008,MOHK,MOHK,0,NA,NA
2008,9,9/15/2008,MOHK,MOHK,0,NA,NA
2008,9,9/22/2008,MOHK,MOHK,0,NA,NA
2008,9,9/23/2008,MOHK,MOHK,0,NA,NA
2008,9,9/26/2008,NAPL,NAPL,0,NA,NA
2008,9,9/29/2008,MOHK,MOHK,0,NA,NA
2008,10,10/1/2008,ABUR,ABUR,0,NA,NA
2008,10,10/2/2008,AQUE,AQUE,0,NA,NA
2008,10,10/10/2008,NAPL,NAPL,0,NA,NA
2008,10,10/16/2008,MOHK,MOHK,0,NA,NA
2008,10,10/22/2008,MOHK,MOHK,0,NA,NA
2008,10,10/24/2008,CARP,CARP,0,NA,NA
2008,10,10/28/2008,AQUE,AQUE,0,NA,NA
2008,10,10/29/2008,OTHER,PALOS VERDES,0,NA,NA
2008,11,11/6/2008,AQUE,AQUE,2,NA,1 AT AQUE; 1 AT TAJIGUAS
2008,11,11/6/2008,IVEE,DEVEREAUX,1,NA,NA
2008,11,11/7/2008,ABUR,ABUR,0,NA,NA
2008,11,11/7/2008,MOHK,MOHK,0,NA,NA
2008,11,11/12/2008,SCTW,SCTW,0,NA,NA
2008,11,11/14/2008,SCTW,SCTW,0,NA,NA
2008,11,11/18/2008,SCTW,FRY'S HARBOR,0,NA,NA
2008,11,11/23/2008,GOLB,GOLB,0,NA,NA
2008,11,11/24/2008,CARP,CARP,0,NA,NA
2008,11,11/24/2008,MOHK,S.B. HARBOR,4,NA,NA
2008,12,12/3/2008,MOHK,MOHK,0,NA,NA
2008,12,12/4/2008,AQUE,AQUE,0,NA,NA
2008,12,12/5/2008,ABUR,ABUR,0,NA,NA
2008,12,12/8/2008,NAPL,NAPL,0,NA,NA
2008,12,12/12/2008,MOHK,MOHK,0,NA,NA
2008,12,12/17/2008,CARP,CARP,0,NA,NA
2008,12,12/18/2008,AQUE,AQUE,0,NA,NA
2009,1,1/6/2009,ABUR,ABUR,0,NA,NA
2009,1,1/8/2009,NAPL,NAPL,0,NA,NA
2009,1,1/12/2009,MOHK,MOHK,0,NA,NA
2009,1,1/15/2009,AQUE,AQUE,0,NA,NA
2009,1,1/15/2009,IVEE,IVEE,0,NA,NA
2009,1,1/27/2009,IVEE,IVEE,2,FEEDING,NA
2009,1,1/27/2009,IVEE,IVEE,2,RAFTING,NA
2009,1,1/27/2009,NAPL,NAPL,0,NA,NA
2009,1,1/28/2009,MOHK,MOHK,0,NA,NA
2009,1,1/29/2009,AQUE,AQUE,0,NA,NA
2009,1,1/30/2009,CARP,CARP,0,NA,NA
2009,2,2/2/2009,AQUE,AQUE,0,NA,NA
2009,2,2/2/2009,AHND,AHND,0,NA,NA
2009,2,2/2/2009,BULL,BULL,0,NA,NA
2009,2,2/3/2009,ABUR,ABUR,0,NA,NA
2009,2,2/3/2009,MOHK,MOHK,0,NA,NA
2009,2,2/4/2009,MOHK,MOHK,0,NA,NA
2009,2,2/19/2009,CARP,CARP,0,NA,NA
2009,2,2/19/2009,MOHK,MOHK,0,NA,NA
2009,2,2/25/2009,GOLB,GOLB,0,NA,NA
2009,2,2/25/2009,MOHK,MOHK,0,NA,NA
2009,3,3/2/2009,MOHK,MOHK,0,NA,NA
2009,3,3/9/2009,ABUR,ABUR,0,NA,NA
2009,3,3/9/2009,MOHK,MOHK,0,NA,NA
2009,3,3/10/2009,AQUE,AQUE,0,NA,NA
2009,3,3/16/2009,MOHK,MOHK,0,NA,NA
2009,3,3/17/2009,CARP,CARP,0,NA,NA
2009,3,3/18/2009,AQUE,AQUE,0,NA,NA
2009,3,3/18/2009,NAPL,NAPL,0,NA,NA
2009,3,3/31/2009,AQUE,AQUE,0,NA,NA
2009,3,3/31/2009,NAPL,NAPL,0,NA,NA
2009,3,3/31/2009,MOHK,MOHK,0,NA,NA
2009,4,4/2/2009,MOHK,MOHK,0,NA,NA
2009,4,4/7/2009,ABUR,ABUR,0,NA,NA
2009,4,4/7/2009,MOHK,MOHK,0,NA,NA
2009,4,4/21/2009,AQUE,AQUE,0,NA,NA
2009,4,4/22/2009,NAPL,NAPL,0,NA,NA
2009,4,4/24/2009,MOHK,MOHK,0,NA,NA
2009,4,4/29/2009,CARP,CARP,0,NA,NA
2009,5,5/1/2009,AQUE,AQUE,0,NA,NA
2009,5,5/4/2009,ABUR,ABUR,0,NA,NA
2009,5,5/5/2009,MOHK,MOHK,0,NA,NA
2009,5,5/5/2009,MOHK,MOHK,0,NA,NA
2009,5,5/12/2009,MOHK,MOHK,0,NA,NA
2009,5,5/18/2009,SCDI,SCDI,0,NA,NA
2009,5,5/18/2009,SCTW,SCTW,0,NA,NA
2009,5,5/27/2009,MOHK,MOHK,0,NA,NA
2009,5,5/27/2009,ABUR,ABUR,0,NA,NA
2009,5,5/27/2009,MOHK,MOHK,0,NA,NA
2009,5,5/28/2009,MOHK,MOHK,0,NA,NA
2009,5,5/29/2009,MOHK,MOHK,0,NA,NA
2009,5,5/29/2009,NAPL,NAPL,0,NA,NA
2009,5,5/29/2009,MOHK,MOHK,0,NA,NA
2009,5,5/29/2009,MOHK,MOHK,0,NA,NA
2009,5,5/29/2009,MOHK,MOHK,0,NA,NA
2009,5,5/29/2009,NAPL,NAPL,0,NA,NA
2009,6,6/2/2009,MOHK,MOHK,0,NA,NA
2009,6,6/4/2009,AQUE,AQUE,0,NA,NA
2009,6,6/4/2009,MOHK,MOHK,0,NA,NA
2009,6,6/4/2009,NAPL,NAPL,0,NA,NA
2009,6,6/9/2009,MOHK,MOHK,0,NA,NA
2009,6,6/10/2009,CARP,CARP,0,NA,NA
2009,6,6/11/2009,NAPL,NAPL,0,NA,NA
2009,6,6/18/2009,AQUE,AQUE,0,NA,NA
2009,6,6/23/2009,IVEE,IVEE,0,NA,NA
2009,6,6/25/2009,MOHK,MOHK,0,NA,NA
2009,6,6/25/2009,MOHK,MOHK,0,NA,NA
2009,6,6/30/2009,CARP,CARP,0,NA,NA
2009,7,7/1/2009,MOHK,MOHK,0,NA,NA
2009,7,7/1/2009,ABUR,ABUR,0,NA,NA
2009,7,7/2/2009,AQUE,AQUE,0,NA,NA
2009,7,7/8/2009,BULL,BULL,0,NA,NA
2009,7,7/8/2009,AHND,AHND,0,NA,NA
2009,7,7/9/2009,MOHK,MOHK,0,NA,NA
2009,7,7/10/2009,MOHK,MOHK,0,NA,NA
2009,7,7/14/2009,NAPL,NAPL,0,NA,NA
2009,7,7/15/2009,AQUE,AQUE,0,NA,NA
2009,7,7/17/2009,MOHK,MOHK,0,NA,NA
2009,7,7/17/2009,IVEE,IVEE,0,NA,NA
2009,7,7/17/2009,MOHK,MOHK,0,NA,NA
2009,7,7/17/2009,NAPL,NAPL,0,NA,NA
2009,7,7/20/2009,GOLB,GOLB,0,NA,NA
2009,7,7/20/2009,IVEE,IVEE,0,NA,NA
2009,7,7/21/2009,NAPL,NAPL,0,NA,NA
2009,7,7/21/2009,NAPL,NAPL,0,NA,NA
2009,7,7/22/2009,NAPL,NAPL,0,NA,NA
2009,7,7/22/2009,NAPL,NAPL,0,NA,NA
2009,7,7/23/2009,MOHK,MOHK,0,NA,NA
2009,7,7/23/2009,MOHK,MOHK,0,NA,NA
2009,7,7/24/2009,ABUR,ABUR,0,NA,NA
2009,7,7/24/2009,CARP,CARP,0,NA,NA
2009,7,7/24/2009,MOHK,MOHK,0,NA,NA
2009,7,7/27/2009,AQUE,AQUE,0,NA,NA
2009,7,7/27/2009,AQUE,AQUE,0,NA,NA
2009,7,7/27/2009,SCTW,SCTW,0,NA,NA
2009,7,7/27/2009,AHND,AHND,0,NA,NA
2009,7,7/27/2009,SCDI,SCDI,0,NA,NA
2009,7,7/28/2009,BULL,BULL,2,RAFTING,NA
2009,7,7/28/2009,BULL,BULL,0,NA,NA
2009,7,7/28/2009,AHND,AHND,0,NA,NA
2009,7,7/28/2009,AHND,AHND,0,NA,NA
2009,7,7/29/2009,SCDI,SCDI,0,NA,NA
2009,7,7/30/2009,CARP,CARP,0,NA,NA
2009,7,7/30/2009,CARP,CARP,0,NA,NA
2009,8,8/5/2009,AQUE,AQUE,0,NA,NA
2009,8,8/5/2009,NAPL,NAPL,0,NA,NA
2009,8,8/6/2009,ABUR,ABUR,0,NA,NA
2009,8,8/6/2009,MOHK,MOHK,0,NA,NA
2009,8,8/10/2009,MOHK,MOHK,0,NA,NA
2009,8,8/11/2009,MOHK,MOHK,0,NA,NA
2009,8,8/11/2009,CARP,CARP,0,NA,NA
2009,8,8/13/2009,MOHK,MOHK,0,NA,NA
2009,8,8/27/2009,NAPL,NAPL,0,NA,NA
2009,8,8/30/2009,AQUE,AQUE,0,NA,NA
2009,9,9/1/2009,ABUR,ABUR,0,NA,NA
2009,9,9/1/2009,MOHK,MOHK,0,NA,NA
2009,9,9/2/2009,MOHK,MOHK,0,NA,NA
2009,9,9/4/2009,CARP,CARP,0,NA,NA
2009,9,9/9/2009,BULL,BULL,0,NA,NA
2009,9,9/9/2009,AHND,AHND,0,NA,NA
2009,9,9/9/2009,AQUE,AQUE,0,NA,NA
2009,9,9/10/2009,CARP,CARP,0,NA,NA
2009,9,9/22/2009,ABUR,ABUR,0,NA,NA
2009,9,9/22/2009,GOLB,GOLB,0,NA,NA
2009,9,9/22/2009,IVEE,IVEE,0,NA,NA
2009,9,9/22/2009,MOHK,MOHK,0,NA,NA
2009,9,9/22/2009,NAPL,NAPL,0,NA,NA
2009,9,9/24/2009,MOHK,MOHK,0,NA,NA
2009,9,9/28/2009,AQUE,AQUE,2,RAFTING,NA
2009,9,9/30/2009,MOHK,MOHK,0,NA,NA
2009,10,10/1/2009,ABUR,ABUR,0,NA,NA
2009,10,10/5/2009,MOHK,MOHK,0,NA,NA
2009,10,10/7/2009,AQUE,AQUE,0,NA,NA
2009,10,10/8/2009,OTHER,ANACAPA ISLAND,0,NA,NA
2009,10,10/9/2009,MOHK,MOHK,0,NA,NA
2009,10,10/12/2009,CARP,CARP,0,NA,NA
2009,10,10/20/2009,NAPL,NAPL,0,NA,NA
2009,10,10/29/2009,MOHK,MOHK,0,NA,NA
2009,11,11/2/2009,MOHK,MOHK,0,NA,NA
2009,11,11/3/2009,ABUR,ABUR,0,NA,NA
2009,11,11/3/2009,OTHER,AVILA BAY,1,NA,NA
2009,11,11/3/2009,MOHK,MOHK,0,NA,NA
2009,11,11/5/2009,MOHK,MOHK,0,NA,NA
2009,11,11/5/2009,OTHER,SAN MIGUEL ISLAND,0,NA,NA
2009,11,11/6/2009,AQUE,AQUE,0,NA,NA
2009,11,11/10/2009,ABUR,ABUR,0,NA,NA
2009,11,11/10/2009,CARP,CARP,0,NA,NA
2009,11,11/16/2009,AQUE,AQUE,0,NA,NA
2009,11,11/16/2009,NAPL,NAPL,0,NA,NA
2009,11,11/17/2009,CARP,CARP,0,NA,NA
2009,11,11/17/2009,MOHK,MOHK,0,NA,NA
2009,11,11/20/2009,IVEE,IVEE,0,NA,NA
2009,11,11/20/2009,SCDI,SCDI,0,NA,NA
2009,11,11/23/2009,MOHK,MOHK,0,NA,NA
2009,12,12/1/2009,AQUE,AQUE,0,NA,NA
2009,12,12/1/2009,AQUE,AQUE,0,NA,NA
2009,12,12/1/2009,IVEE,IVEE,0,NA,NA
2009,12,12/1/2009,NAPL,NAPL,0,NA,NA
2009,12,12/2/2009,MOHK,MOHK,0,NA,NA
2009,12,12/3/2009,ABUR,ABUR,0,NA,NA
2009,12,12/3/2009,GOLB,GOLB,0,NA,NA
2009,12,12/3/2009,MOHK,MOHK,0,NA,NA
2009,12,12/3/2009,MOHK,MOHK,0,NA,NA
2009,12,12/15/2009,ABUR,ABUR,0,NA,NA
2009,12,12/18/2009,AQUE,REFUGIO,1,NA,NA
2009,12,12/18/2009,ABUR,ABUR,0,NA,NA
2009,12,12/18/2009,MOHK,MOHK,0,NA,NA
2010,1,1/5/2010,AQUE,AQUE,0,NA,NA
2010,1,1/7/2010,ABUR,ABUR,0,NA,NA
2010,1,1/7/2010,MOHK,MOHK,0,NA,NA
2010,1,1/7/2010,MOHK,MOHK,0,NA,NA
2010,1,1/28/2010,AQUE,AQUE,0,NA,NA
2010,1,1/28/2010,NAPL,NAPL,0,NA,NA
2010,1,1/29/2010,CARP,CARP,0,NA,NA
2010,2,2/1/2010,ABUR,ABUR,0,NA,NA
2010,2,2/1/2010,CARP,CARP,0,NA,NA
2010,2,2/2/2010,ABUR,ABUR,0,NA,NA
2010,2,2/2/2010,MOHK,MOHK,0,NA,NA
2010,2,2/4/2010,AQUE,AQUE,0,NA,NA
2010,2,2/9/2010,CARP,CARP,0,NA,NA
2010,2,2/11/2010,MOHK,MOHK,0,NA,NA
2010,2,2/18/2010,ABUR,ABUR,0,NA,NA
2010,2,2/18/2010,CARP,CARP,0,NA,NA
2010,2,2/18/2010,MOHK,MOHK,0,NA,NA
2010,2,2/23/2010,ABUR,ABUR,0,NA,NA
2010,2,2/23/2010,GOLB,GOLB,0,NA,NA
2010,2,2/23/2010,IVEE,IVEE,0,NA,NA
2010,2,2/23/2010,MOHK,MOHK,0,NA,NA
2010,3,3/2/2010,MOHK,MOHK,0,NA,NA
2010,3,3/2/2010,MOHK,MOHK,0,NA,NA
2010,3,3/2/2010,NAPL,NAPL,0,NA,NA
2010,3,3/5/2010,AQUE,AQUE,0,NA,NA
2010,3,3/5/2010,AQUE,AQUE,0,NA,NA
2010,3,3/5/2010,NAPL,NAPL,0,NA,NA
2010,3,3/8/2010,ABUR,ABUR,0,NA,NA
2010,3,3/8/2010,MOHK,MOHK,0,NA,NA
2010,3,3/11/2010,CARP,CARP,0,NA,NA
2010,3,3/12/2010,ABUR,ABUR,0,NA,NA
2010,3,3/12/2010,GOLB,GOLB,0,NA,NA
2010,3,3/15/2010,MOHK,MOHK,0,NA,NA
2010,3,3/17/2010,AHND,AHND,0,NA,NA
2010,3,3/17/2010,AHND,AHND,0,NA,NA
2010,3,3/17/2010,AHND,AHND,0,NA,NA
2010,3,3/17/2010,AHND,AHND,0,NA,NA
2010,3,3/19/2010,NAPL,NAPL,0,NA,NA
2010,3,3/22/2010,AQUE,REFUGIO,1,FEEDING,NA
2010,3,3/22/2010,NAPL,NAPL,1,RAFTING,NA
2010,3,3/23/2010,MOHK,MOHK,0,NA,NA
2010,3,3/29/2010,ABUR,ABUR,0,NA,NA
2010,3,3/29/2010,MOHK,MOHK,0,NA,NA
2010,4,4/6/2010,AQUE,AQUE,0,NA,NA
2010,4,4/8/2010,ABUR,ABUR,0,NA,NA
2010,4,4/8/2010,MOHK,MOHK,0,NA,NA
2010,4,4/19/2010,NAPL,NAPL,0,NA,NA
2010,4,4/20/2010,MOHK,MOHK,0,NA,NA
2010,4,4/23/2010,CARP,CARP,0,NA,NA
2010,4,4/26/2010,AQUE,AQUE,0,NA,NA
2010,4,4/27/2010,NAPL,NAPL,0,NA,NA
2010,5,5/3/2010,ABUR,ABUR,0,NA,NA
2010,5,5/3/2010,MOHK,MOHK,0,NA,NA
2010,5,5/5/2010,MOHK,MOHK,0,NA,NA
2010,5,5/7/2010,AQUE,AQUE,0,NA,NA
2010,5,5/7/2010,NAPL,NAPL,0,NA,NA
2010,5,5/14/2010,CARP,CARP,0,NA,NA
2010,5,5/19/2010,MOHK,MOHK,0,NA,NA
2010,5,5/26/2010,CARP,CARP,0,NA,NA
2010,5,5/26/2010,MOHK,MOHK,0,NA,NA
2010,6,6/1/2010,AQUE,AQUE,0,NA,NA
2010,6,6/4/2010,MOHK,MOHK,0,NA,NA
2010,6,6/4/2010,MOHK,MOHK,0,NA,NA
2010,6,6/7/2010,SCDI,SCDI,0,NA,NA
2010,6,6/7/2010,SCTW,SCTW,0,NA,NA
2010,6,6/9/2010,CARP,CARP,0,NA,NA
2010,6,6/9/2010,CARP,CARP,0,NA,NA
2010,6,6/10/2010,MOHK,MOHK,0,NA,NA
2010,6,6/10/2010,MOHK,MOHK,0,NA,NA
2010,6,6/11/2010,NAPL,NAPL,0,NA,NA
2010,6,6/11/2010,NAPL,NAPL,0,NA,NA
2010,6,6/14/2010,MOHK,MOHK,0,NA,NA
2010,6,6/14/2010,MOHK,MOHK,0,NA,NA
2010,6,6/15/2010,AQUE,AQUE,0,NA,NA
2010,6,6/15/2010,AQUE,AQUE,0,NA,NA
2010,6,6/17/2010,NAPL,NAPL,0,NA,NA
2010,6,6/17/2010,NAPL,NAPL,0,NA,NA
2010,6,6/22/2010,AHND,AHND,1,RAFTING,IN KELP BED
2010,6,6/22/2010,AHND,AHND,1,RAFTING,NA
2010,6,6/22/2010,AQUE,AQUE,0,NA,NA
2010,6,6/22/2010,BULL,BULL,0,NA,NA
2010,6,6/23/2010,GOLB,GOLB,0,NA,NA
2010,6,6/23/2010,GOLB,GOLB,0,NA,NA
2010,6,6/24/2010,IVEE,IVEE,0,NA,NA
2010,6,6/24/2010,IVEE,IVEE,0,NA,NA
2010,6,6/28/2010,CARP,CARP,0,NA,NA
2010,6,6/28/2010,CARP,CARP,0,NA,NA
2010,7,7/1/2010,ABUR,ABUR,0,NA,NA
2010,7,7/1/2010,ABUR,ABUR,0,NA,NA
2010,7,7/1/2010,MOHK,MOHK,0,NA,NA
2010,7,7/2/2010,MOHK,MOHK,0,NA,NA
2010,7,7/2/2010,MOHK,MOHK,0,NA,NA
2010,7,7/6/2010,CARP,CARP,0,NA,NA
2010,7,7/6/2010,CARP,CARP,0,NA,NA
2010,7,7/7/2010,AQUE,AQUE,0,NA,NA
2010,7,7/7/2010,AQUE,AQUE,0,NA,NA
2010,7,7/9/2010,NAPL,NAPL,0,NA,NA
2010,7,7/9/2010,NAPL,NAPL,0,NA,NA
2010,7,7/13/2010,IVEE,IVEE,1,RAFTING,NA
2010,7,7/13/2010,IVEE,IVEE,1,RAFTING,NA
2010,7,7/13/2010,NAPL,NAPL,0,NA,NA
2010,7,7/16/2010,MOHK,MOHK,0,NA,NA
2010,7,7/16/2010,MOHK,MOHK,0,NA,NA
2010,7,7/19/2010,CARP,CARP,0,NA,NA
2010,7,7/19/2010,CARP,CARP,0,NA,NA
2010,7,7/20/2010,ABUR,ABUR,0,NA,NA
2010,7,7/20/2010,ABUR,ABUR,0,NA,NA
2010,7,7/20/2010,IVEE,IVEE,0,NA,NA
2010,7,7/20/2010,ABUR,ABUR,0,NA,NA
2010,7,7/20/2010,GOLB,GOLB,0,NA,NA
2010,7,7/20/2010,GOLB,GOLB,0,NA,NA
2010,7,7/21/2010,CARP,CARP,0,NA,NA
2010,7,7/21/2010,CARP,CARP,0,NA,NA
2010,7,7/21/2010,CARP,CARP,0,NA,NA
2010,7,7/22/2010,AQUE,AQUE,0,NA,NA
2010,7,7/22/2010,AQUE,AQUE,0,NA,NA
2010,7,7/22/2010,AQUE,AQUE,0,NA,NA
2010,7,7/22/2010,IVEE,IVEE,0,NA,NA
2010,7,7/23/2010,MOHK,MOHK,0,NA,NA
2010,7,7/23/2010,MOHK,MOHK,0,NA,NA
2010,7,7/23/2010,MOHK,MOHK,0,NA,NA
2010,7,7/26/2010,BULL,BULL,0,NA,NA
2010,7,7/26/2010,BULL,BULL,0,NA,NA
2010,7,7/26/2010,AHND,AHND,0,NA,NA
2010,7,7/26/2010,AHND,AHND,0,NA,NA
2010,7,7/27/2010,NAPL,NAPL,0,NA,NA
2010,7,7/27/2010,NAPL,NAPL,0,NA,NA
2010,7,7/27/2010,NAPL,NAPL,0,NA,NA
2010,7,7/27/2010,NAPL,NAPL,0,NA,NA
2010,7,7/28/2010,NAPL,NAPL,0,NA,NA
2010,7,7/28/2010,NAPL,NAPL,0,NA,NA
2010,7,7/28/2010,NAPL,NAPL,0,NA,NA
2010,7,7/29/2010,SCDI,SCDI,0,NA,NA
2010,7,7/29/2010,SCDI,SCDI,0,NA,NA
2010,7,7/29/2010,SCDI,SCDI,0,NA,NA
2010,7,7/29/2010,SCTW,SCTW,0,NA,NA
2010,7,7/29/2010,SCTW,SCTW,0,NA,NA
2010,8,8/4/2010,MOHK,MOHK,0,NA,NA
2010,8,8/4/2010,MOHK,MOHK,0,NA,NA
2010,8,8/5/2010,ABUR,ABUR,0,NA,NA
2010,8,8/5/2010,ABUR,ABUR,0,NA,NA
2010,8,8/9/2010,AQUE,AQUE,0,NA,NA
2010,8,8/9/2010,AQUE,AQUE,0,NA,NA
2010,8,8/9/2010,NAPL,NAPL,0,NA,NA
2010,8,8/16/2010,AHND,AHND,0,NA,NA
2010,8,8/16/2010,AHND,AHND,0,NA,NA
2010,8,8/16/2010,NAPL,NAPL,0,NA,NA
2010,8,8/17/2010,AQUE,AQUE,0,NA,NA
2010,8,8/17/2010,AQUE,AQUE,0,NA,NA
2010,8,8/17/2010,MOHK,MOHK,0,NA,NA
2010,8,8/17/2010,MOHK,MOHK,0,NA,NA
2010,8,8/19/2010,ABUR,ABUR,0,NA,NA
2010,8,8/19/2010,ABUR,ABUR,0,NA,NA
2010,8,8/19/2010,GOLB,GOLB,0,NA,NA
2010,8,8/19/2010,GOLB,GOLB,0,NA,NA
2010,8,8/25/2010,CARP,CARP,0,NA,NA
2010,8,8/25/2010,CARP,CARP,0,NA,NA
2010,9,9/1/2010,ABUR,ABUR,0,NA,NA
2010,9,9/1/2010,MOHK,MOHK,0,NA,NA
2010,9,9/3/2010,CARP,CARP,0,NA,NA
2010,9,9/7/2010,MOHK,MOHK,0,NA,NA
2010,9,9/7/2010,NAPL,NAPL,0,NA,NA
2010,9,9/8/2010,MOHK,MOHK,0,NA,NA
2010,9,9/9/2010,AQUE,AQUE,0,NA,NA
2010,9,9/21/2010,NAPL,NAPL,0,NA,NA
2010,9,9/24/2010,SCDI,DIABLO,0,NA,NA
2010,9,9/24/2010,SCDI,FRY'S 1,0,NA,NA
2010,9,9/24/2010,SCDI,FRY'S 2,0,NA,NA
2010,9,9/24/2010,SCDI,FRY'S 3,0,NA,NA
2010,9,9/27/2010,SCDI,BC 1,0,NA,NA
2010,9,9/27/2010,SCDI,BC 2,0,NA,NA
2010,9,9/27/2010,SCDI,BC POINT,0,NA,NA
2010,10,10/4/2010,MOHK,MOHK,0,NA,NA
2010,10,10/7/2010,SCDI,FERN 1,0,NA,NA
2010,10,10/7/2010,SCDI,FERN O,0,NA,NA
2010,10,10/7/2010,SCTW,TWIN W,0,NA,NA
2010,10,10/7/2010,SCTW,TWIN E,0,NA,NA
2010,10,10/8/2010,AQUE,AQUE,0,NA,NA
2010,10,10/11/2010,ABUR,ABUR,0,NA,NA
2010,10,10/11/2010,ABUR,ABUR,0,NA,NA
2010,10,10/11/2010,MOHK,MOHK,0,NA,NA
2010,10,10/12/2010,NAPL,NAPL,0,NA,NA
2010,10,10/13/2010,AQUE,AQUE,0,NA,NA
2010,10,10/14/2010,CARP,CARP,0,NA,NA
2010,10,10/20/2010,SCDI,BC 1,0,NA,NA
2010,10,10/29/2010,AQUE,AQUE,0,NA,NA
2010,10,10/29/2010,MOHK,MOHK,0,NA,NA
2010,11,11/1/2010,ABUR,ABUR,0,NA,NA
2010,11,11/2/2010,AQUE,AQUE,0,NA,NA
2010,11,11/5/2010,MOHK,MOHK,0,NA,NA
2010,11,11/16/2010,SCDI,DIABLO,0,NA,NA
2010,11,11/17/2010,NAPL,NAPL,0,NA,NA
2010,11,11/18/2010,MOHK,MOHK,0,NA,NA
2010,11,11/19/2010,AQUE,AQUE,0,NA,NA
2010,11,11/30/2010,SCDI,FRY'S 1,0,NA,NA
2010,11,11/30/2010,SCDI,FRY'S 2,0,NA,NA
2010,11,11/30/2010,SCDI,FRY'S 3,0,NA,NA
2010,11,11/30/2010,SCDI,DIABLO,0,NA,NA
2010,11,11/30/2010,SCDI,FERN 1,0,NA,NA
2010,11,11/30/2010,SCDI,FERN O,0,NA,NA
2010,11,11/30/2010,SCDI,BC 1,0,NA,NA
2010,11,11/30/2010,SCDI,BC 2,0,NA,NA
2010,11,11/30/2010,SCDI,BC POINT,0,NA,NA
2010,11,11/30/2010,SCTW,TWIN E,0,NA,NA
2010,11,11/30/2010,SCTW,TWIN W,0,NA,NA
2010,12,12/1/2010,SCDI,DIABLO,0,NA,NA
2010,12,12/7/2010,AQUE,AQUE,0,NA,NA
2010,12,12/14/2010,NAPL,NAPL,0,NA,NA
2010,12,12/14/2010,IVEE,IVEE,0,NA,NA
2010,12,12/14/2010,GOLB,GOLB,0,NA,NA
2011,1,1/4/2011,MOHK,MOHK,0,NA,NA
2011,1,1/7/2011,MOHK,MOHK,0,NA,NA
2011,1,1/10/2011,NAPL,NAPL,0,NA,NA
2011,1,1/11/2011,AQUE,AQUE,0,NA,NA
2011,1,1/12/2011,MOHK,MOHK,0,NA,NA
2011,1,1/21/2011,BULL,BULL,0,NA,NA
2011,1,1/21/2011,OTHER,ALLEGRIA MOORING,0,NA,NA
2011,1,1/21/2011,AHND,AHND,0,NA,NA
2011,1,1/27/2011,SCDI,DIABLO,0,NA,NA
2011,1,1/27/2011,SCTW,TWIN W,0,NA,NA
2011,2,2/1/2011,AQUE,AQUE,0,NA,NA
2011,2,2/22/2011,NAPL,NAPL,0,NA,NA
2011,2,2/28/2011,NAPL,NAPL,0,NA,NA
2011,3,3/1/2011,MOHK,MOHK,0,NA,NA
2011,3,3/3/2011,AQUE,AQUE,0,NA,NA
2011,3,3/3/2011,NAPL,NAPL,0,NA,NA
2011,3,3/4/2011,ABUR,ABUR,0,NA,NA
2011,3,3/4/2011,MOHK,MOHK,0,NA,NA
2011,3,3/11/2011,CARP,CARP,0,NA,NA
2011,3,3/31/2011,ABUR,ABUR,0,NA,NA
2011,3,3/31/2011,CARP,CARP,0,NA,NA
2011,4,4/1/2011,MOHK,MOHK,0,NA,NA
2011,4,4/4/2011,AQUE,AQUE,0,NA,NA
2011,4,4/7/2011,CARP,CARP,0,NA,NA
2011,4,4/12/2011,MOHK,MOHK,0,NA,NA
2011,4,4/13/2011,AQUE,AQUE,0,NA,NA
2011,4,4/14/2011,CARP,CARP,0,NA,NA
2011,4,4/15/2011,NAPL,NAPL,0,NA,NA
2011,4,4/21/2011,ABUR,ABUR,0,NA,NA
2011,4,4/27/2011,CARP,CARP,0,NA,NA
2011,4,4/28/2011,MOHK,MOHK,0,NA,NA
2011,5,5/2/2011,MOHK,MOHK,0,NA,NA
2011,5,5/2/2011,ABUR,ABUR,0,NA,NA
2011,5,5/4/2011,AQUE,AQUE,0,NA,NA
2011,5,5/4/2011,GOLB,GOLB,0,NA,NA
2011,5,5/25/2011,NAPL,NAPL,0,NA,NA
2011,5,5/26/2011,MOHK,MOHK,0,NA,NA
2011,5,5/31/2011,CARP,CARP,0,NA,NA
2011,6,6/1/2011,AQUE,AQUE,0,NA,NA
2011,6,6/2/2011,MOHK,MOHK,0,NA,NA
2011,6,6/7/2011,ABUR,ABUR,0,NA,NA
2011,6,6/7/2011,MOHK,MOHK,0,NA,NA
2011,6,6/8/2011,AQUE,AQUE,0,NA,NA
2011,6,6/14/2011,NAPL,NAPL,0,NA,NA
2011,6,6/15/2011,CARP,CARP,0,NA,NA
2011,6,6/16/2011,NAPL,NAPL,0,NA,NA
2011,6,6/16/2011,IVEE,IVEE,0,NA,NA
2011,6,6/17/2011,GOLB,GOLB,0,NA,NA
2011,6,6/17/2011,OTHER,OTHER,0,NA,NA
2011,6,6/22/2011,BULL,BULL,0,NA,NA
2011,6,6/22/2011,AHND,AHND,0,NA,NA
2011,6,6/23/2011,GOLB,GOLB,0,NA,NA
2011,6,6/28/2011,GOLB,GOLB,0,NA,NA
2011,6,6/29/2011,AQUE,AQUE,0,NA,NA
2011,6,6/29/2011,MOHK,MOHK,0,NA,NA
2011,6,6/30/2011,GOLB,GOLB,0,NA,NA
2011,7,7/1/2011,GOLB,GOLB,0,NA,NA
2011,7,7/7/2011,MOHK,MOHK,0,NA,NA
2011,7,7/7/2011,ABUR,ABUR,0,NA,NA
2011,7,7/8/2011,AQUE,AQUE,0,NA,NA
2011,7,7/14/2011,GOLB,GOLB,0,NA,NA
2011,7,7/18/2011,CARP,CARP,0,NA,NA
2011,7,7/18/2011,CARP,CARP,0,NA,NA
2011,7,7/19/2011,NAPL,NAPL,0,NA,NA
2011,7,7/19/2011,NAPL,NAPL,0,NA,NA
2011,7,7/20/2011,MOHK,MOHK,0,NA,NA
2011,7,7/20/2011,ABUR,ABUR,0,NA,NA
2011,7,7/20/2011,MOHK,MOHK,0,NA,NA
2011,7,7/21/2011,NAPL,NAPL,0,NA,NA
2011,7,7/21/2011,AQUE,AQUE,0,NA,NA
2011,7,7/22/2011,AQUE,AQUE,0,NA,NA
2011,7,7/22/2011,CARP,CARP,0,NA,NA
2011,7,7/25/2011,BULL,BULL,0,NA,NA
2011,7,7/25/2011,AQUE,AQUE,0,NA,NA
2011,7,7/25/2011,BULL,BULL,0,NA,NA
2011,7,7/25/2011,AHND,AHND,0,NA,NA
2011,7,7/26/2011,SCTW,TWIN W,0,NA,NA
2011,7,7/26/2011,SCDI,DIABLO,0,NA,NA
2011,7,7/26/2011,IVEE,IVEE,0,NA,NA
2011,7,7/26/2011,GOLB,GOLB,0,NA,NA
2011,7,7/27/2011,SCTW,SCTW,0,NA,NA
2011,8,8/2/2011,GOLB,GOLB,0,NA,NA
2011,8,8/3/2011,ABUR,ABUR,0,NA,NA
2011,8,8/3/2011,MOHK,MOHK,0,NA,NA
2011,8,8/8/2011,GOLB,GOLB,0,NA,NA
2011,8,8/17/2011,SCDI,BC 1,0,NA,NA
2011,8,8/17/2011,SCDI,BC 2,0,NA,NA
2011,8,8/17/2011,SCDI,BC POINT,0,NA,NA
2011,8,8/18/2011,SCTW,TWIN E,0,NA,NA
2011,8,8/18/2011,SCTW,TWIN W,0,NA,NA
2011,8,8/22/2011,AQUE,AQUE,0,NA,NA
2011,8,8/22/2011,MOHK,MOHK,0,NA,NA
2011,8,8/23/2011,SCDI,DIABLO,0,NA,NA
2011,8,8/23/2011,SCDI,FERN 1,0,NA,NA
2011,8,8/23/2011,SCDI,FERN O,0,NA,NA
2011,8,8/25/2011,MOHK,MOHK,0,NA,NA
2011,8,8/25/2011,MOHK,MOHK,0,NA,NA
2011,8,8/30/2011,SCDI,FRY'S 1,0,NA,NA
2011,8,8/30/2011,SCDI,FRY'S 2,0,NA,NA
2011,8,8/30/2011,SCDI,FRY'S 3,0,NA,NA
2011,8,8/31/2011,CARP,CARP,0,NA,NA
2011,9,9/6/2011,MOHK,MOHK,0,NA,NA
2011,9,9/6/2011,ABUR,ABUR,0,NA,NA
2011,9,9/7/2011,AQUE,AQUE,0,NA,NA
2011,9,9/8/2011,NAPL,NAPL,0,NA,NA
2011,9,9/9/2011,MOHK,MOHK,0,NA,NA
2011,9,9/13/2011,GOLB,GOLB,0,NA,NA
2011,9,9/14/2011,GOLB,GOLB,0,NA,NA
2011,9,9/21/2011,SCTW,SCI,0,NA,NA
2011,9,9/26/2011,NAPL,NAPL,0,NA,NA
2011,9,9/27/2011,SCTW,TWIN W,0,NA,NA
2011,10,10/3/2011,MOHK,MOHK,0,NA,NA
2011,10,10/4/2011,ABUR,ABUR,0,NA,NA
2011,10,10/4/2011,IVEE,DEVEREUX,0,NA,NA
2011,10,10/7/2011,AQUE,AQUE,0,NA,NA
2011,10,10/7/2011,IVEE,IVEE,0,NA,NA
2011,10,10/11/2011,SCTW,SCI,0,NA,NA
2011,10,10/13/2011,IVEE,IVEE,0,NA,NA
2011,10,10/14/2011,IVEE,IVEE,0,NA,NA
2011,10,10/17/2011,CARP,CARP,0,NA,NA
2011,10,10/18/2011,SCTW,SCI,0,NA,NA
2011,10,10/19/2011,MOHK,MOHK,0,NA,NA
2011,10,10/20/2011,AQUE,AQUE,0,NA,NA
2011,10,10/20/2011,NAPL,NAPL,0,NA,NA
2011,10,10/21/2011,CARP,CARP,0,NA,NA
2011,10,10/24/2011,GOLB,GOLB,0,NA,NA
2011,10,10/25/2011,NAPL,NAPL,0,NA,NA
2011,10,10/26/2011,IVEE,IVEE,1,RAFTING,NA
2011,10,10/27/2011,IVEE,IVEE,0,NA,NA
2011,10,10/28/2011,IVEE,IVEE,0,NA,NA
2011,10,10/28/2011,GOLB,GOLB,0,NA,NA
2011,10,10/30/2011,GOLB,GOLB,0,NA,NA
2011,11,11/1/2011,ABUR,ABUR,0,NA,NA
2011,11,11/1/2011,MOHK,MOHK,0,NA,NA
2011,11,11/2/2011,AQUE,AQUE,0,NA,NA
2011,11,11/17/2011,GOLB,GOLB,0,NA,NA
2011,11,11/18/2011,ABUR,ABUR,0,NA,NA
2011,11,11/28/2011,CARP,CARP,0,NA,NA
2011,11,11/29/2011,MOHK,MOHK,0,NA,NA
2011,11,11/30/2011,NAPL,NAPL,0,NA,NA
2011,12,12/5/2011,ABUR,ABUR,0,NA,NA
2011,12,12/5/2011,GOLB,GOLB,0,NA,NA
2011,12,12/8/2011,AQUE,AQUE,0,NA,NA
2011,12,12/16/2011,MOHK,MOHK,0,NA,NA
2011,12,12/20/2011,ABUR,ABUR,0,NA,NA
2011,12,12/21/2011,ABUR,ABUR,0,NA,NA
2011,12,12/21/2011,MOHK,MOHK,0,NA,NA
2011,12,12/22/2011,ABUR,ABUR,0,NA,NA
2012,1,1/5/2012,AQUE,AQUE,0,NA,NA
2012,1,1/5/2012,NAPL,NAPL,0,NA,NA
2012,1,1/10/2012,MOHK,MOHK,0,NA,NA
2012,1,1/11/2012,ABUR,ABUR,0,NA,NA
2012,1,1/17/2012,CARP,CARP,0,NA,NA
2012,1,1/18/2012,NAPL,NAPL,0,NA,NA
2012,1,1/19/2012,NAPL,NAPL,0,NA,NA
2012,1,1/19/2012,IVEE,IVEE,0,NA,NA
2012,1,1/20/2012,IVEE,IVEE,0,NA,NA
2012,1,1/20/2012,GOLB,GOLB,0,NA,NA
2012,1,1/25/2012,MOHK,MOHK,0,NA,NA
2012,1,1/30/2012,ABUR,ABUR,0,NA,NA
2012,1,1/30/2012,MOHK,MOHK,0,NA,NA
2012,1,1/31/2012,ABUR,ABUR,0,NA,NA
2012,1,1/31/2012,MOHK,MOHK,0,NA,NA
2012,2,2/1/2012,AQUE,AQUE,1,RAFTING,NA
2012,2,2/6/2012,ABUR,ABUR,0,NA,NA
2012,2,2/6/2012,MOHK,MOHK,0,NA,NA
2012,2,2/14/2012,MOHK,MOHK,0,NA,NA
2012,2,2/14/2012,ABUR,ABUR,0,NA,NA
2012,2,2/15/2012,MOHK,MOHK,0,NA,NA
2012,2,2/15/2012,ABUR,ABUR,0,NA,NA
2012,2,2/22/2012,BULL,BULL,1,RAFTING,NA
2012,2,2/22/2012,AHND,AHND,1,RAFTING,NA
2012,2,2/22/2012,AQUE,AQUE,1,RAFTING,NA
2012,2,2/23/2012,MOHK,MOHK,0,NA,NA
2012,2,2/24/2012,SCTW,SCTW,0,NA,NA
2012,2,2/24/2012,SCDI,SCDI,0,NA,NA
2012,3,3/5/2012,ABUR,ABUR,0,NA,NA
2012,3,3/8/2012,MOHK,MOHK,0,NA,NA
2012,3,3/9/2012,AQUE,AQUE,0,NA,NA
2012,3,3/13/2012,NAPL,NAPL,0,NA,NA
2012,3,3/14/2012,CARP,CARP,0,NA,NA
2012,3,3/15/2012,MOHK,MOHK,0,NA,NA
2012,3,3/22/2012,AQUE,AQUE,0,NA,NA
2012,3,3/22/2012,IVEE,IVEE,0,NA,NA
2012,4,4/2/2012,CARP,CARP,0,NA,NA
2012,4,4/3/2012,ABUR,ABUR,0,NA,NA
2012,4,4/4/2012,NAPL,NAPL,0,NA,NA
2012,4,4/4/2012,AQUE,AQUE,0,NA,NA
2012,4,4/6/2012,MOHK,MOHK,0,NA,NA
2012,4,4/10/2012,MOHK,MOHK,0,NA,NA
2012,4,4/13/2012,CARP,CARP,0,NA,NA
2012,4,4/16/2012,ABUR,ABUR,0,NA,NA
2012,4,4/18/2012,MOHK,MOHK,0,NA,NA
2012,5,5/2/2012,ABUR,ABUR,0,NA,NA
2012,5,5/3/2012,AQUE,AQUE,0,NA,NA
2012,5,5/5/2012,MOHK,MOHK,0,NA,NA
2012,5,5/8/2012,NAPL,NAPL,0,NA,NA
2012,5,5/9/2012,IVEE,IVEE,0,NA,NA
2012,5,5/10/2012,CARP,CARP,0,NA,NA
2012,5,5/11/2012,MOHK,MOHK,0,NA,NA
2012,5,5/23/2012,CARP,CARP,0,NA,NA
2012,6,6/1/2012,MOHK,MOHK,0,NA,NA
2012,6,6/7/2012,ABUR,ABUR,0,NA,NA
2012,6,6/19/2012,IVEE,IVEE,0,NA,NA
2012,6,6/20/2012,NAPL,NAPL,0,NA,NA
2012,6,6/21/2012,MOHK,MOHK,0,NA,NA
2012,6,6/22/2012,AQUE,AQUE,0,NA,NA
2012,6,6/26/2012,GOLB,GOLB,0,NA,NA
2012,6,6/29/2012,MOHK,MOHK,0,NA,NA
2012,6,6/29/2012,CARP,CARP,0,NA,NA
2012,7,7/2/2012,MOHK,MOHK,0,NA,NA
2012,7,7/3/2012,ABUR,ABUR,0,NA,NA
2012,7,7/3/2012,MOHK,MOHK,0,NA,NA
2012,7,7/3/2012,GOLB,GOLB,0,NA,NA
2012,7,7/6/2012,SCTW,SCI,0,NA,NA
2012,7,7/6/2012,SCTW,SCI,0,NA,NA
2012,7,7/6/2012,SCTW,SCTW,0,NA,NA
2012,7,7/6/2012,SCDI,DIABLO,0,NA,NA
2012,7,7/10/2012,NAPL,NAPL,0,NA,NA
2012,7,7/10/2012,AQUE,AQUE,0,NA,NA
2012,7,7/12/2012,CARP,CARP,0,NA,NA
2012,7,7/13/2012,NAPL,NAPL,0,NA,NA
2012,7,7/16/2012,IVEE,IVEE,0,NA,NA
2012,7,7/17/2012,ABUR,ABUR,0,NA,NA
2012,7,7/17/2012,MOHK,MOHK,0,NA,NA
2012,7,7/18/2012,NAPL,NAPL,0,NA,NA
2012,7,7/18/2012,NAPL,NAPL,0,NA,NA
2012,7,7/19/2012,IVEE,IVEE,0,NA,NA
2012,7,7/19/2012,GOLB,GOLB,0,NA,NA
2012,7,7/19/2012,IVEE,IVEE,0,NA,NA
2012,7,7/20/2012,CARP,CARP,0,NA,NA
2012,7,7/20/2012,CARP,CARP,0,NA,NA
2012,7,7/23/2012,SCTW,SCI,0,NA,NA
2012,7,7/23/2012,SCTW,SCTW,0,NA,NA
2012,7,7/23/2012,SCDI,SCDI,0,NA,NA
2012,7,7/24/2012,BULL,BULL,4,RAFTING,NA
2012,7,7/24/2012,AHND,AHND,4,RAFTING,NA
2012,7,7/25/2012,AQUE,AQUE,0,NA,NA
2012,7,7/25/2012,AQUE,AQUE,0,NA,NA
2012,7,7/26/2012,IVEE,IVEE,0,NA,NA
2012,7,7/31/2012,IVEE,IVEE,0,NA,NA
2012,8,8/2/2012,IVEE,IVEE,0,NA,NA
2012,8,8/3/2012,MOHK,MOHK,0,NA,NA
2012,8,8/8/2012,AQUE,AQUE,0,NA,NA
2012,8,8/9/2012,MOHK,MOHK,0,NA,NA
2012,8,8/10/2012,IVEE,IVEE,0,NA,NA
2012,8,8/14/2012,IVEE,IVEE,0,NA,NA
2012,8,8/14/2012,GOLB,GOLB,0,NA,NA
2012,8,8/15/2012,CARP,CARP,0,NA,NA
2012,8,8/16/2012,NAPL,NAPL,0,NA,NA
2012,8,8/16/2012,GOLB,GOLB,0,NA,NA
2012,8,8/20/2012,OTHER,GOLETA PIPE,0,NA,NA
2012,8,8/20/2012,IVEE,IVEE,0,NA,NA
2012,8,8/20/2012,OTHER,GOLETA PIPE,0,NA,NA
2012,8,8/21/2012,IVEE,IVEE,0,NA,NA
2012,8,8/22/2012,NAPL,NAPL,0,NA,NA
2012,8,8/22/2012,NAPL,NAPL,0,NA,NA
2012,8,8/24/2012,AQUE,AQUE,0,NA,NA
2012,8,8/24/2012,AQUE,AQUE,0,NA,NA
2012,8,8/27/2012,CARP,CARP,0,NA,NA
2012,8,8/27/2012,CARP,CARP,0,NA,NA
2012,8,8/29/2012,MOHK,MOHK,0,NA,NA
2012,8,8/30/2012,IVEE,IVEE,0,NA,NA
2012,9,9/4/2012,IVEE,IVEE,0,NA,NA
2012,9,9/5/2012,CARP,CARP,0,NA,NA
2012,9,9/6/2012,MOHK,MOHK,0,NA,NA
2012,9,9/6/2012,ABUR,ABUR,0,NA,NA
2012,9,9/7/2012,AQUE,AQUE,0,NA,NA
2012,9,9/11/2012,SCDI,FERN O,0,NA,NA
2012,9,9/11/2012,SCDI,FERN 1,0,NA,NA
2012,9,9/11/2012,SCDI,DIABLO,0,NA,NA
2012,9,9/13/2012,SCDI,FRY'S 1,0,NA,NA
2012,9,9/13/2012,SCDI,FRY'S 2,0,NA,NA
2012,9,9/13/2012,SCDI,FRY'S 3,0,NA,NA
2012,9,9/17/2012,SCDI,BC POINT,0,NA,NA
2012,9,9/17/2012,SCDI,BC 1,0,NA,NA
2012,9,9/17/2012,SCDI,BC 2,0,NA,NA
2012,9,9/19/2012,SCTW,TWIN W,0,NA,NA
2012,9,9/19/2012,SCTW,TWIN E,0,NA,NA
2012,9,9/21/2012,IVEE,IVEE,0,NA,NA
2012,9,9/24/2012,MOHK,MOHK,0,NA,NA
2012,9,9/25/2012,IVEE,IVEE,0,NA,NA
2012,9,9/25/2012,NAPL,NAPL,0,NA,NA
2012,9,9/26/2012,AQUE,AQUE,0,NA,NA
2012,9,9/26/2012,NAPL,NAPL,0,NA,NA
2012,10,10/2/2012,CARP,CARP,0,NA,NA
2012,10,10/3/2012,AQUE,AQUE,0,NA,NA
2012,10,10/10/2012,MOHK,MOHK,0,NA,NA
2012,10,10/10/2012,ABUR,ABUR,0,NA,NA
2012,10,10/11/2012,IVEE,IVEE,0,NA,NA
2012,10,10/12/2012,AQUE,AQUE,0,NA,NA
2012,10,10/12/2012,NAPL,NAPL,0,NA,NA
2012,10,10/16/2012,SCDI,BC 1,0,NA,NA
2012,10,10/19/2012,SCDI,DIABLO,0,NA,NA
2012,10,10/21/2012,IVEE,IVEE,0,NA,NA
2012,10,10/22/2012,MOHK,MOHK,0,NA,NA
2012,10,10/30/2012,SCDI,DIABLO,0,NA,NA
2012,10,10/30/2012,SCDI,FRY'S 1,0,NA,NA
2012,10,10/30/2012,SCDI,FRY'S 2,0,NA,NA
2012,10,10/30/2012,SCDI,FRY'S 3,0,NA,NA
2012,10,10/30/2012,SCDI,FERN 1,0,NA,NA
2012,10,10/30/2012,SCDI,FERN O,0,NA,NA
2012,10,10/30/2012,SCDI,BC 1,0,NA,NA
2012,10,10/30/2012,SCDI,BC 2,0,NA,NA
2012,10,10/31/2012,SCTW,TWIN W,0,NA,NA
2012,10,10/31/2012,SCTW,TWIN E,0,NA,NA
2012,11,11/5/2012,MOHK,MOHK,0,NA,NA
2012,11,11/5/2012,ABUR,ABUR,0,NA,NA
2012,11,11/6/2012,NAPL,NAPL,0,NA,NA
2012,11,11/6/2012,IVEE,IVEE,0,NA,NA
2012,11,11/7/2012,CARP,CARP,0,NA,NA
2012,11,11/13/2012,AQUE,AQUE,0,NA,NA
2012,11,11/14/2012,OTHER,SAN MIGUEL,0,NA,NA
2012,11,11/15/2012,MOHK,MOHK,0,NA,NA
2012,11,11/27/2012,ABUR,ABUR,0,NA,NA
2012,11,11/27/2012,MOHK,MOHK,0,NA,NA
2012,12,12/11/2012,AQUE,AQUE,0,NA,NA
2013,1,1/3/2013,MOHK,MOHK,0,NA,NA
2013,1,1/3/2013,ABUR,ABUR,0,NA,NA
2013,1,1/8/2013,CARP,CARP,0,NA,NA
2013,1,1/9/2013,AQUE,AQUE,0,NA,NA
2013,1,1/14/2013,CARP,CARP,0,NA,NA
2013,1,1/15/2013,ABUR,ABUR,0,NA,NA
2013,1,1/15/2013,MOHK,MOHK,0,NA,NA
2013,1,1/17/2013,BULL,BULL,0,NA,NA
2013,1,1/17/2013,AHND,AHND,0,NA,NA
2013,1,1/17/2013,AQUE,AQUE,0,NA,NA
2013,1,1/22/2013,NAPL,NAPL,0,NA,NA
2013,1,1/22/2013,IVEE,IVEE,0,NA,NA
2013,1,1/22/2013,GOLB,GOLB,0,NA,NA
2013,1,1/29/2013,MOHK,MOHK,0,NA,NA
2013,1,1/30/2013,SCTW,SCTW,0,NA,NA
2013,1,1/30/2013,SCDI,DIABLO,0,NA,NA
2013,1,1/31/2013,MOHK,MOHK,0,NA,NA
2013,2,2/7/2013,AQUE,AQUE,0,NA,NA
2013,2,2/11/2013,MOHK,MOHK,0,NA,NA
2013,2,2/11/2013,ABUR,ABUR,0,NA,NA
2013,2,2/12/2013,NAPL,NAPL,0,NA,NA
2013,2,2/13/2013,AQUE,AQUE,0,NA,NA
2013,2,2/14/2013,CARP,CARP,0,NA,NA
2013,2,2/21/2013,IVEE,IVEE,0,NA,NA
2013,3,3/11/2013,AQUE,AQUE,0,NA,NA
2013,3,3/12/2013,ABUR,ABUR,0,NA,NA
2013,3,3/15/2013,MOHK,MOHK,0,NA,NA
2013,3,3/27/2013,ABUR,ABUR,0,NA,NA
2013,3,3/27/2013,MOHK,MOHK,0,NA,NA
2013,4,4/2/2013,ABUR,ABUR,0,NA,NA
2013,4,4/4/2013,IVEE,IVEE,0,NA,NA
2013,4,4/4/2013,MOHK,MOHK,0,NA,NA
2013,4,4/10/2013,AQUE,AQUE,0,NA,NA
2013,4,4/18/2013,CARP,CARP,0,NA,NA
2013,4,4/23/2013,MOHK,MOHK,0,NA,NA
2013,4,4/24/2013,MOHK,MOHK,0,NA,NA
2013,4,4/30/2013,NAPL,NAPL,0,NA,NA
2013,5,5/1/2013,MOHK,MOHK,0,NA,NA
2013,5,5/2/2013,MOHK,MOHK,0,NA,NA
2013,5,5/2/2013,ABUR,ABUR,0,NA,NA
2013,5,5/7/2013,MOHK,MOHK,0,NA,NA
2013,5,5/9/2013,AQUE,AQUE,0,NA,NA
2013,5,5/14/2013,CARP,CARP,0,NA,NA
2013,5,5/14/2013,MOHK,MOHK,0,NA,NA
2013,5,5/14/2013,IVEE,IVEE,0,NA,NA
2013,5,5/15/2013,NAPL,NAPL,0,NA,NA
2013,5,5/20/2013,CARP,CARP,0,NA,NA
2013,5,5/21/2013,AQUE,AQUE,0,NA,NA
2013,5,5/22/2013,MOHK,MOHK,0,NA,NA
2013,5,5/30/2013,NAPL,NAPL,0,NA,NA
2013,6,6/4/2013,MOHK,MOHK,0,NA,NA
2013,6,6/5/2013,ABUR,ABUR,0,NA,NA
2013,6,6/10/2013,AQUE,AQUE,0,NA,NA
2013,6,6/18/2013,ABUR,ABUR,0,NA,NA
2013,7,7/1/2013,MOHK,MOHK,0,NA,NA
2013,7,7/2/2013,AQUE,AQUE,0,NA,NA
2013,7,7/3/2013,ABUR,ABUR,0,NA,NA
2013,7,7/3/2013,GOLB,GOLB,0,NA,NA
2013,7,7/3/2013,IVEE,IVEE,0,NA,NA
2013,7,7/9/2013,OTHER,PATCH 190 (34 26.8,1,NA,NA
2013,7,7/9/2013,OTHER,PATCH 189 (34 26.6,9,NA,NA
2013,7,7/10/2013,AQUE,AQUE,0,NA,NA
2013,7,7/17/2013,CARP,CARP,0,NA,NA
2013,7,7/22/2013,CARP,CARP,0,NA,NA
2013,7,7/22/2013,CARP,CARP,0,NA,NA
2013,7,7/23/2013,ABUR,ABUR,0,NA,NA
2013,7,7/23/2013,MOHK,MOHK,0,NA,NA
2013,7,7/24/2013,IVEE,IVEE,0,NA,NA
2013,7,7/24/2013,IVEE,IVEE,0,NA,NA
2013,7,7/24/2013,GOLB,GOLB,0,NA,NA
2013,7,7/25/2013,AQUE,AQUE,0,NA,NA
2013,7,7/25/2013,AQUE,AQUE,0,NA,NA
2013,7,7/26/2013,NAPL,NAPL,0,NA,NA
2013,7,7/29/2013,SCTW,SCTW,0,NA,NA
2013,7,7/29/2013,SCDI,DIABLO,0,NA,NA
2013,7,7/30/2013,BULL,BULL,0,NA,NA
2013,7,7/30/2013,BULL,BULL,0,NA,NA
2013,7,7/30/2013,AHND,AHND,0,NA,NA
2013,7,7/31/2013,NAPL,NAPL,0,NA,NA
2013,7,7/31/2013,NAPL,NAPL,0,NA,NA
2013,8,8/5/2013,ABUR,ABUR,0,NA,NA
2013,8,8/6/2013,MOHK,MOHK,0,NA,NA
2013,8,8/8/2013,AQUE,AQUE,0,NA,NA
2013,8,8/15/2013,NAPL,NAPL,0,NA,NA
2013,8,8/15/2013,IVEE,IVEE,0,NA,NA
2013,8,8/16/2013,CARP,CARP,0,NA,NA
2013,8,8/19/2013,MOHK,MOHK,0,NA,NA
2013,8,8/20/2013,AQUE,AQUE,0,NA,NA
2013,8,8/21/2013,IVEE,IVEE,0,NA,NA
2013,8,8/21/2013,IVEE,IVEE,0,NA,NA
2013,8,8/22/2013,NAPL,NAPL,0,NA,NA
2013,8,8/22/2013,NAPL,NAPL,0,NA,NA
2013,8,8/23/2013,MOHK,MOHK,0,NA,NA
2013,8,8/26/2013,AQUE,AQUE,0,NA,NA
2013,8,8/26/2013,AQUE,AQUE,0,NA,NA
2013,8,8/27/2013,CARP,CARP,0,NA,NA
2013,8,8/27/2013,CARP,CARP,0,NA,NA
2013,9,9/3/2013,MOHK,MOHK,0,NA,NA
2013,9,9/3/2013,ABUR,ABUR,0,NA,NA
2013,9,9/4/2013,AQUE,AQUE,0,NA,NA
2013,9,9/10/2013,SCTW,TWIN E,0,NA,NA
2013,9,9/10/2013,SCTW,TWIN W,0,NA,NA
2013,9,9/10/2013,SCDI,DIABLO,0,NA,NA
2013,9,9/16/2013,SCDI,BC POINT,0,NA,NA
2013,9,9/16/2013,SCDI,BC 1,0,NA,NA
2013,9,9/16/2013,SCDI,FERN O,0,NA,NA
2013,9,9/23/2013,SCDI,FERN 1,0,NA,NA
2013,9,9/23/2013,SCDI,FRY'S 1,0,NA,NA
2013,9,9/23/2013,SCDI,FRY'S 2,0,NA,NA
2013,9,9/30/2013,MOHK,MOHK,0,NA,NA
2013,9,9/30/2013,ABUR,ABUR,0,NA,NA
2013,10,10/4/2013,AQUE,AQUE,0,NA,NA
2013,10,10/15/2013,SCTW,TWIN W,0,NA,NA
2013,10,10/21/2013,SCDI,BC 1,0,NA,NA
2013,10,10/24/2013,CARP,CARP,0,NA,NA
2013,10,10/30/2013,SCDI,FRY'S 1,0,NA,NA
2013,10,10/30/2013,SCDI,DIABLO,0,NA,NA
2013,10,10/30/2013,SCDI,FERN 1,0,NA,NA
2013,10,10/30/2013,SCDI,FERN O,0,NA,NA
2013,10,10/30/2013,SCDI,BC 1,0,NA,NA
2013,10,10/30/2013,SCDI,BC POINT,0,NA,NA
2013,10,10/30/2013,SCTW,TWIN E,0,NA,NA
2013,10,10/30/2013,SCTW,TWIN W,0,NA,NA
2013,10,10/31/2013,SCDI,DIABLO,0,NA,NA
2013,11,11/4/2013,ABUR,ABUR,0,NA,NA
2013,11,11/5/2013,MOHK,MOHK,0,NA,NA
2013,11,11/7/2013,AQUE,AQUE,0,NA,NA
2013,11,11/11/2013,GOLB,GOLB,0,NA,NA
2013,11,11/12/2013,NAPL,NAPL,0,NA,NA
2013,11,11/13/2013,MOHK,MOHK,0,NA,NA
2013,11,11/14/2013,IVEE,IVEE,0,NA,NA
2013,11,11/15/2013,CARP,CARP,0,NA,NA
2013,11,11/18/2013,AQUE,AQUE,0,NA,NA
2013,11,11/21/2013,CARP,CARP,0,NA,NA
2013,12,12/3/2013,ABUR,ABUR,0,NA,NA
2013,12,12/3/2013,MOHK,MOHK,0,NA,NA
2013,12,12/6/2013,AQUE,AQUE,0,NA,NA
2013,12,12/12/2013,SCDI,FRY'S 1,0,NA,NA
2013,12,12/12/2013,SCTW,TWIN W,0,NA,NA
2014,1,1/3/2014,ABUR,ABUR,0,NA,
2014,1,1/7/2014,AQUE,AQUE,0,NA,
2014,1,1/8/2014,AQUE,Offshore TR1 benthic,1,Feeding,
2014,1,1/13/2014,NAPL,NAPL,0,NA,
2014,1,1/13/2014,IVEE,IVEE,0,NA,
2014,1,1/13/2014,GOLB,GOLB,0,NA,
2014,1,1/16/2014,IVEE,IVEE,0,NA,
2014,1,1/16/2014,GOLB,GOLB,0,NA,
2014,1,1/28/2014,CARP,CARP,0,NA,
2014,2,2/3/2014,MOHK,MOHK,0,NA,
2014,2,2/4/2014,ABUR,ABUR,0,NA,
2014,2,2/6/2014,AQUE,AQUE,0,NA,
2014,2,2/11/2014,MOHK,MOHK,0,NA,
2014,2,2/11/2014,CARP,CARP,0,NA,
2014,2,2/12/2014,MOHK,MOHK,0,NA,
2014,2,2/25/2014,CARP,CARP,0,NA,
2014,3,3/10/2014,ABUR,ABUR,0,NA,
2014,3,3/10/2014,MOHK,MOHK,0,NA,
2014,3,3/12/2014,AQUE,AQUE,0,NA,
2014,3,3/12/2014,ABUR,ABUR,0,NA,
2014,3,3/12/2014,MOHK,MOHK,0,NA,
2014,3,3/19/2014,Diablo,Diablo,0,NA,
2014,3,3/19/2014,Twin W,Twin W,0,NA,
2014,3,3/19/2014,Fry's 1,Fry's 1,0,NA,
2014,3,3/19/2014,Other,Other,0,NA,
2014,3,3/19/2014,Other,Other,0,NA,
2014,3,3/19/2014,Other,Other,0,NA,
2014,4,4/3/2014,MOHK,MOHK,0,NA,
2014,4,4/8/2014,AQUE,AQUE,0,NA,
2014,4,4/9/2014,IVEE,IVEE,0,NA,
2014,4,4/9/2014,ABUR,ABUR,0,NA,
2014,4,4/10/2014,AQUE,AQUE,0,NA,
2014,4,4/29/2014,CARP,CARP,0,NA,
2014,4,4/29/2014,ABUR,ABUR,0,NA,
2014,5,5/1/2014,MOHK,MOHK,0,NA,
2014,5,5/2/2014,BULL,BULL,0,NA,
2014,5,5/9/2014,ABUR,ABUR,0,NA,
2014,5,5/9/2014,MOHK,MOHK,0,NA,
2014,5,5/14/2014,IVEE,IVEE,0,NA,
2014,5,5/15/2014,AQUE,AQUE,0,NA,
2014,5,5/19/2014,MOHK,MOHK,0,NA,
2014,5,5/20/2014,CARP,CARP,0,NA,
2014,5,5/21/2014,NAPL,NAPL,0,NA,
2014,6,6/2/2014,MOHK,MOHK,0,NA,
2014,6,6/3/2014,ABUR,ABUR,0,NA,
2014,6,6/6/2014,AQUE,AQUE,0,NA,
2014,7,7/2/2014,MOHK,MOHK,0,NA,
2014,7,7/2/2014,ABUR,ABUR,0,NA,
2014,7,7/8/2014,NAPL,NAPL,0,NA,
2014,7,7/8/2014,AQUE,AQUE,0,NA,
2014,7,7/10/2014,NAPL,NAPL,0,NA,
2014,7,7/16/2014,CARP,CARP,0,NA,
2014,7,7/16/2014,CARP,CARP,0,NA,
2014,7,7/17/2014,BULL,BULL,0,NA,
2014,7,7/17/2014,AHND,AHND,0,NA,
2014,7,7/17/2014,Other,Other,0,NA,
2014,7,7/17/2014,BULL,BULL,0,NA,
2014,7,7/17/2014,Other,Other,0,NA,
2014,7,7/17/2014,AQUE,AQUE,0,NA,
2014,7,7/18/2014,ABUR,ABUR,0,NA,
2014,7,7/18/2014,MOHK,MOHK,0,NA,
2014,7,7/18/2014,GOLB,GOLB,0,NA,
2014,7,7/18/2014,MOHK,MOHK,0,NA,
2014,7,7/21/2014,IVEE,IVEE,0,NA,
2014,7,7/21/2014,IVEE,IVEE,0,NA,
2014,7,7/22/2014,SCTW,SCTW,0,NA,
2014,7,7/22/2014,SCDI,SCDI,0,NA,
2014,7,7/23/2014,AQUE,AQUE,0,NA,
2014,7,7/23/2014,BULL,BULL,0,NA,
2014,7,7/24/2014,NAPL,NAPL,0,NA,
2014,7,7/24/2014,NAPL,NAPL,0,NA,
2014,8,8/1/2014,CARP,CARP,0,NA,
2014,8,8/1/2014,MOHK,MOHK,0,NA,
2014,8,8/4/2014,ABUR,ABUR,0,NA,
2014,8,8/5/2014,BULL,Near TR1,1,Feeding,
2014,8,8/5/2014,Other,Other,0,NA,
2014,8,8/5/2014,AQUE,AQUE,0,NA,
2014,8,8/7/2014,CARP,CARP,0,NA,
2014,8,8/14/2014,AQUE,AQUE,0,NA,
2014,8,8/15/2014,MOHK,MOHK,0,NA,
2014,8,8/18/2014,CARP,CARP,0,NA,
2014,8,8/19/2014,NAPL,NAPL,0,NA,
2014,8,8/20/2014,IVEE,IVEE,0,NA,
2014,8,8/25/2014,CARP,CARP,0,NA,
2014,8,8/25/2014,CARP,CARP,0,NA,
2014,8,8/26/2014,NAPL,NAPL,0,NA,
2014,8,8/26/2014,NAPL,NAPL,0,NA,
2014,8,8/27/2014,IVEE,IVEE,0,NA,
2014,8,8/27/2014,IVEE,IVEE,0,NA,
2014,8,8/28/2014,MOHK,MOHK,0,NA,
2014,8,8/29/2014,IVEE,IVEE,0,NA,
2014,9,9/2/2014,MOHK,MOHK,0,NA,
2014,9,9/2/2014,IVEE,IVEE,0,NA,
2014,9,9/5/2014,AQUE,AQUE,0,NA,
2014,9,9/9/2014,ABUR,ABUR,0,NA,
2014,9,9/9/2014,MOHK,MOHK,0,NA,
2014,8,8/28/2014,AQUE,AQUE,0,NA,
2014,8,8/28/2014,MOHK,MOHK,0,NA,
2014,9,9/12/2014,AQUE,AQUE,0,NA,
2014,9,9/15/2014,Twin E,Twin E,0,NA,
2014,9,9/15/2014,Twin W,Twin W,0,NA,
2014,9,9/15/2014,BC Point,BC Point,0,NA,
2014,9,9/22/2014,BC 1,BC 1,0,NA,
2014,9,9/22/2014,BC 2,BC 2,0,NA,
2014,9,9/22/2014,Fry's 1,Fry's 1,0,NA,
2014,9,9/22/2014,Fry's 2,Fry's 2,0,NA,
2014,9,9/22/2014,Fry's 3,Fry's 3,0,NA,
2014,9,9/23/2014,Fern 1,Fern 1,0,NA,
2014,9,9/23/2014,Fern O,Fern O,0,NA,
2014,9,9/23/2014,Diablo,Diablo,0,NA,
2014,9,9/29/2014,Fry's 1,Fry's 1,0,NA,
2014,9,9/29/2014,Fry's 2,Fry's 2,0,NA,
2014,9,9/29/2014,Fry's 3,Fry's 3,0,NA,
2014,9,9/29/2014,Diablo,Diablo,0,NA,
2014,9,9/29/2014,Fern O,Fern O,0,NA,
2014,9,9/29/2014,Fern 1,Fern 1,0,NA,
2014,9,9/29/2014,BC 1,BC 1,0,NA,
2014,9,9/29/2014,BC 2,BC 2,0,NA,
2014,9,9/29/2014,BC Point,BC Point,0,NA,
2014,9,9/29/2014,Twin W,Twin W,0,NA,
2014,9,9/29/2014,Twin E,Twin E,0,NA,
2014,9,9/30/2014,MOHK,MOHK,0,NA,
2014,10,10/9/2014,MOHK,MOHK,0,NA,
2014,10,10/10/2014,Other,Other,0,NA,
2014,10,10/10/2014,AQUE,AQUE,0,NA,
2014,10,10/13/2014,ABUR,ABUR,0,NA,
2014,10,10/13/2014,MOHK,MOHK,0,NA,
2014,10,10/23/2014,Other,Other,0,NA,
2014,10,10/23/2014,AQUE,AQUE,0,NA,
2014,10,10/27/2014,SCTW,SCTW,0,NA,
2014,10,10/29/2014,SCDI,SCDI,0,NA,
2014,10,10/30/2014,BC 1,BC 1,0,NA,
2014,11,11/4/2014,MOHK,MOHK,0,NA,
2014,11,11/10/2014,ABUR,ABUR,0,NA,
2014,11,11/13/2014,AQUE,AQUE,0,NA,
2014,11,11/14/2014,NAPL,NAPL,0,NA,
2014,11,11/17/2014,CARP,CARP,0,NA,
2014,11,11/18/2014,MOHK,MOHK,0,NA,
2014,11,11/19/2014,IVEE,IVEE,0,NA,
2014,11,11/20/2014,CARP,CARP,0,NA,
2014,11,11/26/2014,MOHK,MOHK,0,NA,
2014,12,12/1/2014,MOHK,MOHK,0,NA,
2014,12,12/1/2014,ABUR,ABUR,0,NA,
2014,12,12/5/2014,AQUE,AQUE,0,NA,
2014,12,12/5/2014,NAPL,NAPL,0,NA,
2015,1,1/6/2015,AQUE,AQUE,0,NA,
2015,1,1/7/2015,ABUR,ABUR,0,NA,
2015,1,1/7/2015,MOHK,MOHK,0,NA,
2015,1,1/14/2015,IVEE,IVEE,0,NA,
2015,1,1/14/2015,GOLB,GOLB,0,NA,
2015,1,1/14/2015,MOHK,MOHK,0,NA,
2015,1,1/14/2015,CARP,CARP,0,NA,
2015,1,1/21/2015,AHND,AHND,0,NA,
2015,1,1/21/2015,AQUE,AQUE,0,NA,
2015,2,2/2/2015,BULL,BULL,0,NA,
2015,2,2/2/2015,Other,Other,0,NA,
2015,2,2/2/2015,AQUE,AQUE,0,NA,
2015,2,2/4/2015,ABUR,ABUR,0,NA,
2015,2,2/4/2015,MOHK,MOHK,0,NA,
2015,2,2/6/2015,MOHK,MOHK,0,NA,
2015,2,2/12/2015,NAPL,NAPL,0,NA,
2015,2,2/17/2015,IVEE,IVEE,0,NA,
2015,2,2/18/2015,CARP,CARP,0,NA,
2015,2,2/20/2015,MOHK,MOHK,0,NA,
2015,2,2/25/2015,CARP,CARP,0,NA,
2015,3,3/2/2015,AQUE,AQUE,0,NA,
2015,3,3/2/2015,NAPL,NAPL,0,NA,
2015,3,3/4/2015,ABUR,ABUR,0,NA,
2015,3,3/4/2015,MOHK,MOHK,0,NA,
2015,3,3/6/2015,AQUE,AQUE,0,NA,
2015,3,3/9/2015,MOHK,MOHK,0,NA,
2015,3,3/10/2015,Other,Other,0,NA,
2015,3,3/10/2015,Other,Other,0,NA,
2015,3,3/10/2015,SCTW,SCTW,0,NA,
2015,3,3/10/2015,SCDI,SCDI,0,NA,
2015,3,3/26/2015,NAPL,NAPL,0,NA,
2015,4,4/6/2015,AQUE,AQUE,0,NA,
2015,4,4/8/2015,MOHK,MOHK,0,NA,
2015,4,4/13/2015,ABUR,ABUR,0,NA,
2015,4,4/23/2015,MOHK,MOHK,0,NA,
2015,4,4/23/2015,Other,Other,0,NA,
2015,4,4/23/2015,AQUE,AQUE,0,NA,
2015,5,5/4/2015,ABUR,ABUR,0,NA,
2015,5,5/7/2015,MOHK,MOHK,0,NA,
2015,5,5/12/2015,AQUE,AQUE,0,NA,
2015,5,5/13/2015,MOHK,MOHK,0,NA,
2015,5,5/14/2015,IVEE,IVEE,0,NA,
2015,5,5/18/2015,Other,Other,0,NA,
2015,5,5/18/2015,AQUE,AQUE,0,NA,
2015,5,5/18/2015,Other,Other,0,NA,
2015,5,5/19/2015,NAPL,NAPL,0,NA,
2015,5,5/20/2015,CARP,CARP,0,NA,
2015,6,6/4/2015,AQUE,AQUE,0,NA,
2015,6,6/4/2015,IVEE,IVEE,0,NA,
2015,6,6/2/2015,MOHK,MOHK,0,NA,
2015,6,6/9/2015,CARP,CARP,0,NA,
2015,6,6/9/2015,MOHK,MOHK,0,NA,
2015,6,6/17/2015,GOLB,GOLB,0,NA,
2015,6,6/17/2015,MOHK,MOHK,0,NA,
2015,6,6/17/2015,IVEE,IVEE,0,NA,
2015,6,6/22/2015,Other,Other,0,NA,
2015,6,6/23/2015,IVEE,IVEE,0,NA,
2015,6,6/24/2015,IVEE,IVEE,0,NA,
2015,6,6/25/2015,MOHK,MOHK,0,NA,
2015,6,6/25/2015,IVEE,IVEE,0,NA,
2015,6,6/26/2015,MOHK,MOHK,0,NA,
2015,7,7/1/2015,CARP,CARP,0,NA,
2015,7,7/2/2015,MOHK,MOHK,0,NA,
2015,7,7/8/2015,ABUR,ABUR,0,NA,
2015,7,7/8/2015,MOHK,MOHK,0,NA,
2015,7,7/13/2015,AQUE,AQUE,0,NA,
2015,7,7/13/2015,NAPL,NAPL,0,NA,
2015,7,7/9/2015,AQUE,AQUE,0,NA,
2015,7,7/9/2015,NAPL,NAPL,0,NA,
2015,7,7/20/2015,ABUR,ABUR,0,NA,
2015,7,7/20/2015,MOHK,MOHK,0,NA,
2015,7,7/21/2015,SCTW,SCTW,0,NA,
2015,7,7/21/2015,SCDI,SCDI,0,NA,
2015,7,7/22/2015,BULL,BULL,0,NA,
2015,7,7/22/2015,BULL,BULL,0,NA,
2015,7,7/22/2015,AHND,AHND,0,NA,
2015,7,7/23/2015,AQUE,AQUE,0,NA,
2015,7,7/23/2015,Other,Other,0,NA,
2015,7,7/23/2015,AQUE,AQUE,0,NA,
2015,7,7/24/2015,IVEE,IVEE,0,NA,
2015,7,7/24/2015,IVEE,IVEE,0,NA,
2015,7,7/27/2015,NAPL,NAPL,0,NA,
2015,7,7/27/2015,NAPL,NAPL,0,NA,
2015,7,7/27/2015,GOLB,GOLB,0,NA,
2015,7,7/28/2015,CARP,CARP,0,NA,
2015,7,7/28/2015,CARP,CARP,0,NA,
2015,7,7/29/2015,IVEE,IVEE,0,NA,
2015,7,7/29/2015,GOLB,GOLB,0,NA,
2015,7,7/31/2015,MOHK,MOHK,0,NA,
2015,8,8/3/2015,AQUE,AQUE,0,NA,
2015,8,8/5/2015,ABUR,ABUR,0,NA,
2015,8,8/6/2015,MOHK,MOHK,0,NA,
2015,8,8/14/2015,NAPL,NAPL,0,NA,
2015,8,8/14/2015,IVEE,IVEE,0,NA,
2015,8,8/17/2015,MOHK,MOHK,0,NA,
2015,8,8/18/2015,CARP,CARP,0,NA,
2015,8,8/19/2015,Other,Other,0,NA,
2015,8,8/19/2015,Other,Other,0,NA,
2015,8,8/19/2015,AQUE,AQUE,0,NA,
2015,8,8/24/2015,AQUE,AQUE,0,NA,
2015,8,8/24/2015,AQUE,AQUE,0,NA,
2015,8,8/25/2015,IVEE,IVEE,0,NA,
2015,8,8/25/2015,IVEE,IVEE,0,NA,
2015,8,8/27/2015,MOHK,MOHK,0,NA,
2015,8,8/28/2015,CARP,CARP,0,NA,
2015,8,8/28/2015,CARP,CARP,0,NA,
2015,9,9/2/2015,MOHK,MOHK,0,NA,
2015,9,9/3/2015,Other,Other,0,NA,
2015,9,9/3/2015,AQUE,AQUE,0,NA,
2015,8,8/26/2015,NAPL,NAPL,0,NA,
2015,8,8/26/2015,NAPL,NAPL,0,NA,
2015,9,9/4/2015,ABUR,ABUR,0,NA,
2015,9,9/22/2015,BC 1,BC 1,0,NA,
2015,9,9/22/2015,BC 2,BC 2,0,NA,
2015,9,9/22/2015,BC Point,BC Point,0,NA,
2015,9,9/23/2015,Twin E,Twin E,0,NA,
2015,9,9/24/2015,CARP,CARP,0,NA,
2015,9,9/30/2015,ABUR,ABUR,0,NA,
2015,10,10/5/2015,Other,Other,0,NA,
2015,10,10/5/2015,AQUE,AQUE,0,NA,
2015,10,10/2/2015,MOHK,MOHK,0,NA,
2015,10,10/12/2015,Fry's 1,Fry's 1,0,NA,
2015,10,10/12/2015,Fry's 2,Fry's 2,0,NA,
2015,10,10/12/2015,Fry's 3,Fry's 3,0,NA,
2015,10,10/12/2015,Diablo,Diablo,0,NA,
2015,10,10/15/2015,Diablo,Diablo,0,NA,
2015,10,10/21/2015,MOHK,MOHK,0,NA,
2015,10,10/21/2015,NAPL,NAPL,0,NA,
2015,10,10/23/2015,San Miguel,San Miguel,0,NA,
2015,10,10/26/2015,BC 1,BC 1,0,NA,
2015,11,11/5/2015,ABUR,ABUR,0,NA,
2015,11,11/6/2015,SCTW,SCTW,0,NA,
2015,11,11/9/2015,MOHK,MOHK,0,NA,
2015,11,11/11/2015,AQUE,AQUE,0,NA,
2015,11,11/23/2015,CARP,CARP,0,NA,
2015,11,11/24/2015,AQUE,AQUE,0,NA,
2015,11,11/17/2015,NAPL,NAPL,0,NA,
2015,11,11/20/2015,IVEE,IVEE,0,NA,
2015,11,11/23/2015,MOHK,MOHK,0,NA,
2015,11,11/30/2015,BULL,BULL,0,NA,
2015,11,11/30/2015,Other,Other,0,NA,
2015,11,11/30/2015,AHND,AHND,0,NA,
2015,11,11/30/2015,AQUE,AQUE,0,NA,
2015,12,12/2/2015,MOHK,MOHK,0,NA,
2015,12,12/2/2015,ABUR,ABUR,0,NA,
2015,12,12/2/2015,ABUR,ABUR,0,NA,
2015,12,12/3/2015,AQUE,AQUE,0,NA,
2015,12,12/3/2015,NAPL,NAPL,0,NA,
2015,12,12/3/2015,IVEE,IVEE,0,NA,
2015,11,11/23/2015,MOHK,MOHK,0,NA,
2015,12,12/16/2015,Other,Other,0,NA,
2015,12,12/16/2015,AQUE,AQUE,0,NA,
2015,12,12/16/2015,IVEE,IVEE,0,NA,
2015,12,12/16/2015,AHND,AHND,0,NA,
2015,12,12/17/2015,ABUR,ABUR,0,NA,
2015,12,12/17/2015,GOLB,GOLB,0,NA,
2015,12,12/19/2015,Other,Other,0,NA,
2015,12,12/21/2015,CARP,CARP,0,NA,
2016,1,1/9/2016,MOHK,MOHK,0,NA,
2016,1,1/10/2016,ABUR,ABUR,0,NA,
2016,1,1/11/2016,Other,Other,0,NA,
2016,1,1/11/2016,AQUE,AQUE,0,NA,
2016,1,1/21/2016,NAPL,NAPL,0,NA,
2016,1,1/26/2016,GOLB,GOLB,0,NA,
2016,1,1/27/2016,GOLB,GOLB,0,NA,
2016,1,1/27/2016,NAPL,NAPL,0,NA,
2016,2,2/7/2016,MOHK,MOHK,0,NA,
2016,2,2/7/2016,ABUR,ABUR,0,NA,
2016,2,2/9/2016,AQUE,AQUE,0,NA,
2016,2,2/11/2016,MOHK,MOHK,0,NA,
2016,2,2/11/2016,NAPL,NAPL,0,NA,
2016,2,2/12/2016,CARP,CARP,0,NA,
2016,2,2/17/2016,MOHK,MOHK,0,NA,
2016,2,2/18/2016,IVEE,IVEE,0,NA,
2016,2,2/19/2016,NAPL,NAPL,0,NA,
2016,2,2/22/2016,CARP,CARP,0,NA,
2016,2,2/22/2016,MOHK,MOHK,0,NA,
2016,2,2/23/2016,AQUE,AQUE,1,Floating ,
2016,3,3/3/2016,AQUE,TR8,0,NA,
2016,3,3/3/2016,Other,Other,0,NA,
2016,3,3/4/2016,Other,Other,0,NA,
2016,3,3/4/2016,AQUE,AQUE,0,NA,
2016,3,3/10/2016,MOHK,MOHK,0,NA,
2016,3,3/10/2016,ABUR,ABUR,0,NA,
2016,3,3/17/2016,CARP,CARP,0,NA,
2016,3,3/28/2016,NAPL,NAPL,0,NA,
2016,3,3/28/2016,IVEE,IVEE,0,NA,
2016,3,3/30/2016,CARP,CARP,0,NA,
2016,3,3/30/2016,MOHK,MOHK,0,NA,
2016,4,4/5/2016,AQUE,AQUE,1,Floating,
2016,4,4/7/2016,MOHK,TR6,0,NA,
2016,4,4/7/2016,ABUR,ABUR,0,NA,
2016,4,4/12/2016,MOHK,MOHK,0,NA,
2016,4,4/21/2016,NAPL,NAPL,0,NA,
2016,5,5/3/2016,MOHK,MOHK,0,NA,
2016,5,5/5/2016,AQUE,AQUE,0,NA,
2016,5,5/5/2016,AQUE,AQUE,0,NA,
2016,5,5/12/2016,MOHK,MOHK,0,NA,
2016,5,5/16/2016,IVEE,IVEE,0,NA,
2016,5,5/17/2016,NAPL,NAPL,0,NA,
2016,5,5/18/2016,CARP,CARP,0,NA,
2016,5,5/19/2016,AQUE,AQUE,0,NA,
2016,5,5/31/2016,MOHK,MOHK,0,NA,
2016,5,5/31/2016,ABUR,ABUR,0,NA,
2016,6,6/7/2016,AQUE,AQUE,0,NA,
2016,6,6/9/2016,MOHK,MOHK,0,NA,
2016,6,6/8/2016,ALE,ALE,0,NA,
2016,6,6/16/2016,NAPL,NAPL,0,NA,
2016,6,6/16/2016,CARP,CARP,0,NA,
2016,6,6/16/2016,MOHK,MOHK,0,NA,
2016,6,6/21/2016,ALE,ALE,0,NA,
2016,6,6/21/2016,AHND,AHND,0,NA,
2016,6,6/21/2016,AQUE,AQUE,0,NA,
2016,6,6/21/2016,Refugio,Refugio,0,NA,
2016,6,6/23/2016,IVEE,IVEE,0,NA,
2016,6,6/23/2016,GOLB,GOLB,0,NA,
2016,6,6/23/2016,ABUR,ABUR,0,NA,
2016,6,6/28/2016,ABUR,ABUR,0,NA,
2016,6,6/28/2016,MOHK,MOHK,0,NA,
2016,6,6/28/2016,MICR,MICR,0,NA,
2016,6,6/29/2016,MOHK,MOHK,0,NA,
2016,7,7/7/2016,MOHK,MOHK,0,NA,
2016,7,7/8/2016,ABUR,ABUR,0,NA,
2016,7,7/11/2016,AQUE,AQUE,0,NA,
2016,7,7/11/2016,NAPL,NAPL,0,NA,
2016,7,7/12/2016,CARP,CARP,0,NA,
2016,7,7/18/2016,IVEE,IVEE,0,NA,
2016,7,7/18/2016,IVEE,IVEE,0,NA,
2016,7,7/18/2016,GOLB,GOLB,0,NA,
2016,7,7/18/2016,IVEE,IVEE,0,NA,
2016,7,7/19/2016,ABUR,ABUR,0,NA,
2016,7,7/19/2016,IVEE,IVEE,0,NA,
2016,7,7/19/2016,CARP,CARP,0,NA,
2016,7,7/22/2016,MOHK,MOHK,0,NA,
2016,7,7/26/2016,NAPL,NAPL,0,NA,
2016,7,7/26/2016,NAPL,NAPL,0,NA,
2016,7,7/27/2016,IVEE,IVEE,0,NA,
2016,7,7/25/2016,BULL,BULL,0,NA,
2016,7,7/25/2016,AHND,AHND,0,NA,
2016,7,7/25/2016,BULL,BULL,0,NA,
2016,7,7/22/2016,CARP,CARP,0,NA,
2016,7,7/21/2016,AQUE,AQUE,0,NA,
2016,7,7/21/2016,AQUE,AQUE,0,NA,
2016,7,7/20/2016,Diablo,Diablo,0,NA,
2016,7,7/20/2016,Twin W,Twin W,0,NA,
2016,8,8/1/2016,MOHK,MOHK,0,NA,
2016,8,8/2/2016,MOHK,MOHK,0,NA,
2016,8,8/4/2016,ABUR,ABUR,0,NA,
2016,8,8/8/2016,AQUE,AQUE,0,NA,
2016,8,8/9/2016,MOHK,MOHK,0,NA,
2016,8,8/15/2016,CARP,CARP,0,NA,
2016,8,8/16/2016,NAPL,NAPL,0,NA,
2016,8,8/17/2016,MOHK,MOHK,0,NA,
2016,8,8/18/2016,IVEE,IVEE,0,NA,
2016,8,8/19/2016,AQUE,AQUE,0,NA,
2016,8,8/22/2016,IVEE,IVEE,0,NA,
2016,8,8/22/2016,IVEE,IVEE,0,NA,
2016,8,8/23/2016,NAPL,NAPL,0,NA,
2016,8,8/23/2016,NAPL,NAPL,0,NA,
2016,8,8/24/2016,AQUE,AQUE,0,NA,
2016,8,8/24/2016,AQUE,AQUE,0,NA,
2016,8,8/25/2016,CARP,CARP,0,NA,
2016,8,8/25/2016,CARP,CARP,0,NA,
2016,8,8/26/2016,MOHK,MOHK,0,NA,
2016,8,8/31/2016,CARP,CARP,0,NA,
2016,9,9/8/2016,CARP,CARP,0,NA,
2016,9,9/8/2016,MOHK,MOHK,0,NA,
2016,9,9/8/2016,ABUR,ABUR,0,NA,
2016,9,9/1/2016,MOHK,MOHK,0,NA,
2016,9,9/7/2016,AQUE,AQUE,0,NA,
2016,9,9/9/2016,ALE,ALE,0,NA,
2016,9,9/9/2016,Gaviota,Gaviota,0,NA,
2016,9,9/9/2016,AQUE,AQUE,0,NA,
2016,9,9/9/2016,NAPL,NAPL,0,NA,
2016,9,9/20/2016,MOHK,MOHK,0,NA,
2016,9,9/22/2016,MOHK,MOHK,0,NA,
2016,9,9/27/2016,MOHK,MOHK,0,NA,
2016,9,9/29/2016,MOHK,MOHK,0,NA,
2016,10,10/3/2016,CARP,CARP,0,NA,
2016,10,10/4/2016,AQUE,AQUE,0,NA,
2016,10,10/6/2016,MOHK,MOHK,0,NA,
2016,10,10/18/2016,IVEE,IVEE,0,NA,
2016,10,10/20/2016,CARP,CARP,0,NA,
2016,10,10/27/2016,MOHK,MOHK,0,NA,
2016,11,11/1/2016,MOHK,MOHK,0,NA,
2016,11,11/3/2016,ABUR,ABUR,0,NA,
2016,11,11/3/2016,MOHK,MOHK,0,NA,
2016,11,11/4/2016,AQUE,AQUE,0,NA,
2016,11,11/8/2016,CARP,CARP,0,NA,
2016,11,11/14/2016,IVEE,IVEE,0,NA,
2016,11,11/14/2016,NAPL,NAPL,0,NA,
2016,11,11/14/2016,MOHK,MOHK,0,NA,
2016,11,11/15/2016,CARP,CARP,0,NA,
2016,11,11/16/2016,AQUE,AQUE,0,NA,
2016,11,11/16/2016,NAPL,NAPL,0,NA,
2016,11,11/17/2016,IVEE,IVEE,0,NA,
2016,11,11/17/2016,GOLB,GOLB,0,NA,
2016,11,11/18/2016,IVEE,IVEE,0,NA,
2016,12,12/2/2016,ABUR,ABUR,0,NA,
2016,12,12/1/2016,CARP,CARP,0,NA,
2016,12,12/6/2016,NAPL,NAPL,0,NA,
2016,12,12/7/2016,AQUE,AQUE,0,NA,
2016,12,12/7/2016,NAPL,NAPL,0,NA,
2016,12,12/8/2016,MOHK,MOHK,0,NA,
2017,1,1/10/2017,AQUE,AQUE,0,NA,
2017,1,1/13/2017,CARP,CARP,0,NA,
2016,12,12/13/2016,CARP,CARP,0,NA,
2016,12,12/19/2016,MOHK,MOHK,0,NA,
2016,12,12/21/2016,BULL,BULL,0,NA,
2017,1,1/4/2017,ABUR,ABUR,0,NA,
2017,1,1/4/2017,MOHK,MOHK,0,NA,
2017,2,2/1/2017,MOHK,MOHK,0,NA,
2017,2,2/1/2017,AQUE,AQUE,0,NA,
2017,2,2/15/2017,CARP,CARP,0,NA,
2017,2,2/14/2017,NAPL,NAPL,0,NA,
2017,1,1/30/2017,CARP,CARP,0,NA,
2017,2,2/9/2017,ABUR,ABUR,0,NA,
2017,2,2/13/2017,MOHK,MOHK,0,NA,
2017,2,2/13/2017,MOHK,MOHK,0,NA,
2017,2,2/28/2017,MOHK,MOHK,0,NA,
2017,3,3/2/2017,Other,Other,0,NA,
2017,3,3/2/2017,AQUE,AQUE,0,NA,
2017,3,3/6/2017,NAPL,NAPL,0,NA,
2017,3,3/7/2017,MOHK,MOHK,0,NA,
2017,3,3/10/2017,AQUE,AQUE,0,NA,
2017,3,3/13/2017,AQUE,AQUE,0,NA,
2017,3,3/14/2017,GOLB,GOLB,0,NA,
2017,3,3/16/2017,Diablo,Diablo,0,NA,
2017,3,3/16/2017,SCTW,SCTW,0,NA,
2017,3,3/22/2017,Other,Other,0,NA,
2014,2,2/5/2014,AQUE,AQUE,1,NA,
2016,1,1/12/2016,AQUE,AQUE,1,NA,
2016,12,12/7/2016,AQUE,AQUE,1,NA,
2017,3,3/22/2017,Other,Other,0,NA,
2017,4,4/4/2017,Other,Other,0,NA,
2017,4,4/4/2017,AQUE,AQUE,0,NA,
2017,4,4/11/2017,MOHK,MOHK,0,NA,
2017,4,4/13/2017,CARP,CARP,0,NA,
2017,4,4/13/2017,MOHK,MOHK,0,NA,
2017,4,4/7/2017,ABUR,ABUR,0,NA,
2017,4,4/18/2017,AQUE,AQUE,0,NA,
2017,4,4/18/2017,NAPL,NAPL,0,NA,
2017,4,4/19/2017,MOHK,MOHK,0,NA,
2017,4,4/19/2017,GOLB,GOLB,0,NA,
2017,5,5/2/2017,CARP,CARP,0,NA,
2017,5,5/3/2017,MOHK,MOHK,0,NA,
2017,5,5/4/2017,Other,Other,0,NA,
2017,5,5/4/2017,AQUE,AQUE,0,NA,
2017,5,5/9/2017,Other,Other,0,NA,
2017,5,5/9/2017,NAPL,NAPL,0,NA,
2017,5,5/15/2017,IVEE,IVEE,0,NA,
2017,5,5/15/2017,IVEE,IVEE,0,NA,
2017,5,5/15/2017,IVEE,IVEE,0,NA,
2017,5,5/15/2017,GOLB,GOLB,0,NA,
2017,5,5/15/2017,GOLB,GOLB,0,NA,
2017,5,5/16/2017,NAPL,NAPL,0,NA,
2017,5,5/17/2017,MOHK,MOHK,0,NA,
2017,5,5/18/2017,AQUE,AQUE,0,NA,
2017,5,5/19/2017,CARP,CARP,0,NA,
2017,5,5/23/2017,MOHK,MOHK,0,NA,
2017,6,6/1/2017,MOHK,MOHK,0,NA,
2017,6,6/1/2017,ABUR,ABUR,0,NA,
2017,6,6/2/2017,MOHK,MOHK,0,NA,
2017,6,6/5/2017,AHND,AHND,0,NA,
2017,6,6/5/2017,AQUE,AQUE,0,NA,
2017,6,6/5/2017,IVEE,IVEE,0,NA,
2017,6,6/5/2017,Other,Other,0,NA,
2017,6,6/6/2017,AQUE,AQUE,0,NA,
2017,6,6/15/2017,GOLB,GOLB,0,NA,
2017,6,6/26/2017,BULL,BULL,0,NA,
2017,6,6/26/2017,Other,Other,0,NA,
2017,6,6/26/2017,AQUE,AQUE,0,NA,
2017,6,6/30/2017,ABUR,ABUR,0,NA,
2017,6,6/30/2017,MOHK,MOHK,0,NA,
2017,7,7/6/2017,NAPL,NAPL,0,NA,
2017,7,7/7/2017,ABUR,ABUR,0,NA,
2017,7,7/7/2017,MOHK,MOHK,0,NA,
2017,7,7/11/2017,AQUE,AQUE,0,NA,
2017,7,7/11/2017,NAPL,NAPL,0,NA,
2017,7,7/14/2017,BULL,BULL,0,NA,
2017,7,7/14/2017,Other,Other,0,NA,
2017,7,7/17/2017,ABUR,ABUR,0,NA,
2017,7,7/17/2017,MOHK,MOHK,0,NA,
2017,7,7/17/2017,ABUR,ABUR,0,NA,
2017,7,7/18/2017,SCDI,SCDI,0,NA,
2017,7,7/18/2017,SCTW,SCTW,0,NA,
2017,7,7/19/2017,CARP,CARP,0,NA,
2017,7,7/19/2017,CARP,CARP,0,NA,
2017,7,7/20/2017,IVEE,IVEE,0,NA,
2017,7,7/20/2017,IVEE,IVEE,0,NA,
2017,7,7/21/2017,AQUE,AQUE,0,NA,
2017,7,7/21/2017,AQUE,AQUE,0,NA,
2017,7,7/21/2017,IVEE,IVEE,0,NA,
2017,7,7/24/2017,NAPL,NAPL,0,NA,
2017,7,7/24/2017,NAPL,NAPL,0,NA,
2017,7,7/25/2017,BULL,BULL,0,NA,
2017,7,7/25/2017,AHND,AHND,0,NA,
2017,7,7/25/2017,NAPL,NAPL,0,NA,
2017,7,7/25/2017,BULL,BULL,0,NA,
2017,7,7/25/2017,AHND,AHND,0,NA,
2017,8,8/1/2017,MOHK,MOHK,0,NA,
2017,8,8/3/2017,AQUE,AQUE,0,NA,
2017,8,8/10/2017,CARP,CARP,0,NA,
2017,8,8/10/2017,Other,Other,0,NA,
2017,8,8/11/2017,MOHK,MOHK,0,NA,
2017,8,8/11/2017,ABUR,ABUR,0,NA,
2017,8,8/14/2017,NAPL,NAPL,0,NA,
2017,8,8/15/2017,IVEE,IVEE,0,NA,
2017,8,8/15/2017,GOLB,GOLB,0,NA,
2017,8,8/16/2017,AQUE,AQUE,0,NA,
2017,8,8/17/2017,GOLB,GOLB,0,NA,
2017,8,8/21/2017,AQUE,AQUE,0,NA,
2017,8,8/21/2017,AQUE,AQUE,0,NA,
2017,8,8/22/2017,IVEE,IVEE,0,NA,
2017,8,8/22/2017,IVEE,IVEE,0,NA,
2017,8,8/22/2017,NAPL,NAPL,0,NA,
2017,8,8/23/2017,NAPL,NAPL,0,NA,
2017,8,8/23/2017,NAPL,NAPL,0,NA,
2017,8,8/23/2017,GOLB,GOLB,0,NA,
2017,8,8/24/2017,CARP,CARP,0,NA,
2017,8,8/24/2017,CARP,CARP,0,NA,
2017,8,8/25/2017,MOHK,MOHK,0,NA,
2017,8,8/25/2017,CARP,CARP,0,NA,
2017,8,8/29/2017,MOHK,MOHK,0,NA,
2017,8,8/29/2017,CARP,CARP,0,NA,
2017,8,8/31/2017,NAPL,NAPL,0,NA,
2017,8,8/31/2017,GOLB,GOLB,0,NA,
2017,9,9/6/2017,AQUE,AQUE,0,NA,
2017,9,9/6/2017,NAPL,NAPL,0,NA,
2017,9,9/7/2017,MOHK,MOHK,0,NA,
2017,9,9/7/2017,ABUR,ABUR,0,NA,
2017,9,9/12/2017,NAPL,NAPL,0,NA,
2017,9,9/12/2017,MOHK,MOHK,0,NA,
2017,9,9/20/2017,GOLB,GOLB,0,NA,
2017,9,9/20/2017,AQUE,AQUE,0,NA,
2017,9,9/20/2017,IVEE,IVEE,0,NA,
2017,9,9/20/2017,MOHK,MOHK,0,NA,
2017,10,10/2/2017,AQUE,AQUE,0,NA,
2017,10,10/3/2017,MOHK,MOHK,0,NA,
2017,10,10/5/2017,AQUE,AQUE,0,NA,
2017,10,10/5/2017,GOLB,GOLB,0,NA,
2017,10,10/18/2017,NAPL,NAPL,0,NA,
2017,10,10/24/2017,MOHK,MOHK,0,NA,
2017,10,10/27/2017,NAPL,NAPL,0,NA,
2017,10,10/27/2017,MOHK,MOHK,0,NA,
2017,11,11/2/2017,Other,Other,0,NA,
2017,11,11/2/2017,AQUE,AQUE,0,NA,
2017,11,11/3/2017,MOHK,MOHK,0,NA,
2017,11,11/3/2017,MOHK,MOHK,0,NA,
2017,11,11/3/2017,ABUR,ABUR,0,NA,
2017,11,11/14/2017,MOHK,MOHK,0,NA,
2017,11,11/14/2017,MOHK,MOHK,0,NA,
2017,11,11/15/2017,AQUE,AQUE,1,Floating,
2017,11,11/16/2017,NAPL,NAPL,0,NA,
2017,11,11/16/2017,IVEE,IVEE,0,NA,
2017,11,11/20/2017,MOHK,MOHK,0,NA,
2017,11,11/20/2017,CARP,CARP,0,NA,
2017,12,12/1/2017,CARP,CARP,0,NA,
2017,12,12/6/2017,AQUE,AQUE,0,NA,
2017,12,12/7/2017,MOHK,MOHK,0,NA,
2017,12,12/7/2017,ABUR,ABUR,0,NA,
2017,12,12/13/2017,LeoCarillo,LeoCarillo,0,NA,
2017,12,12/18/2017,Gaviota ,AQUE TR 6,1,Rafting,
2017,12,12/18/2017,NAPL,NAPL,0,NA,
2017,12,12/18/2017,GOLB,GOLB,0,NA,
2017,12,12/18/2017,ABUR,ABUR,0,NA,
2017,12,12/18/2017,CARP,CARP,0,NA,
2017,12,12/19/2017,BULL,BULL,1,Rafting,
2017,12,12/19/2017,AHND,AHND,0,NA,
2017,12,12/19/2017,NAPL,NAPL,0,NA,
2017,12,12/19/2017,MOHK,MOHK,0,NA,
2018,1,1/23/2018,AQUE,AQUE,0,NA,
2018,1,1/24/2018,MOHK,MOHK,0,NA,
2018,1,1/24/2018,Diablo,Diablo,0,NA,
2018,1,1/24/2018,Twin W,Twin W,0,NA,
2018,1,1/25/2018,IVEE,IVEE,0,NA,
2018,1,1/25/2018,ABUR,ABUR,0,NA,
2018,1,1/29/2018,Other,Other,0,NA,
2018,2,2/1/2018,Leo Carillo,Leo Carillo,0,NA,
2018,2,2/5/2018,Leo Carillo,Leo Carillo,0,NA,
2018,2,2/6/2018,NAPL,NAPL,0,NA,
2018,2,2/12/2018,IVEE,IVEE,0,NA,
2018,2,2/15/2018,AQUE,AQUE,0,NA,
2018,2,2/15/2018,Other,Other,0,NA,
2018,2,2/16/2018,ABUR,ABUR,0,NA,
2018,2,2/16/2018,MOHK,MOHK,0,NA,
2018,2,2/20/2018,CARP,CARP,0,NA,
2018,2,2/21/2018,NAPL,NAPL,0,NA,
2018,2,2/22/2018,MOHK,MOHK,0,NA,
2018,2,2/28/2018,AQUE,AQUE,0,NA,
2018,3,3/7/2018,MOHK,MOHK,0,NA,
2018,3,3/7/2018,ABUR,ABUR,0,NA,
2018,3,3/8/2018,CARP,CARP,0,NA,
2018,3,3/12/2018,AQUE,AQUE,0,NA,
2018,4,4/3/2018,MOHK,MOHK,0,NA,
2018,4,4/3/2018,MOHK,MOHK,0,NA,
2018,4,4/5/2018,ABUR,ABUR,0,NA,
2018,4,4/6/2018,AQUE,AQUE,0,NA,
2018,4,4/6/2018,NAPL,NAPL,0,NA,
2018,4,4/11/2018,CARP,CARP,0,NA,
2018,4,4/23/2018,GOLB,GOLB,0,NA,
2018,4,4/24/2018,AQUE,AQUE,3,Rafting,
2018,4,4/24/2018,NAPL,NAPL,0,NA,
2018,4,4/25/2018,IVEE,IVEE,2,NA,
2018,4,4/25/2018,IVEE,IVEE,0,NA,
2018,4,4/25/2018,NAPL,NAPL,0,NA,
2018,5,5/2/2018,AQUE,AQUE,0,NA,
2018,5,5/4/2018,MOHK,MOHK,0,NA,
2018,5,5/10/2018,AQUE,AQUE,1,Floating,
2018,5,5/10/2018,AQUE,AQUE,0,NA,
2018,5,5/11/2018,NAPL,NAPL,0,NA,
2018,5,5/15/2018,MOHK,MOHK,0,NA,
2018,5,5/16/2018,NAPL,NAPL,0,NA,
2018,5,5/22/2018,CARP,CARP,0,NA,
2018,5,5/23/2018,AQUE,AQUE,0,NA,
2018,5,5/24/2018,AQUE,AQUE,0,NA,
2018,6,6/4/2018,MOHK,MOHK,0,NA,
2018,6,6/4/2018,ABUR,ABUR,0,NA,
2018,6,6/6/2018,AQUE,AQUE,0,NA,
2018,6,6/8/2018,ALE,NAPL3,1,Floating,
2018,6,6/8/2018,AQUE,AQUE,0,NA,
2018,6,6/11/2018,CARP,CARP,0,NA,
2018,6,6/12/2018,AQUE,AQUE,0,NA,
2018,6,6/20/2018,CARP,CARP,0,NA,
2018,6,6/21/2018,NAPL,NAPL,0,NA,
2018,6,6/22/2018,AQUE,AQUE,0,NA,
2018,6,6/26/2018,NAPL,NAPL,0,NA,
2018,6,6/26/2018,GOLB,GOLB,0,NA,
2018,6,6/27/2018,IVEE,IVEE,0,NA,
2018,7,7/5/2018,MOHK,MOHK,0,NA,
2018,7,7/6/2018,ABUR,ABUR,0,NA,
2018,7,7/10/2018,AQUE,AQUE,0,NA,
2018,7,7/10/2018,GOLB,GOLB,0,NA,
2018,7,7/11/2018,BULL,BULL,0,NA,
2018,7,7/11/2018,AHND,AHND,0,NA,
2018,7,7/12/2018,Twin W,Twin W,0,NA,
2018,7,7/12/2018,Diablo,Diablo,0,NA,
2018,7,7/16/2018,NAPL,NAPL,0,NA,
2018,7,7/16/2018,NAPL,NAPL,0,NA,
2018,7,7/17/2018,ABUR,ABUR,0,NA,
2018,7,7/17/2018,GOLB,GOLB,0,NA,
2018,7,7/17/2018,MOHK,MOHK,0,NA,
2018,7,7/18/2018,CARP,CARP,0,NA,
2018,7,7/18/2018,CARP,CARP,0,NA,
2018,7,7/19/2018,Twin W,Twin W,0,NA,
2018,7,7/19/2018,Diablo,Diablo,0,NA,
2018,7,7/20/2018,IVEE,IVEE,0,NA,
2018,7,7/20/2018,IVEE,IVEE,0,NA,
2018,7,7/23/2018,AQUE,AQUE,0,NA,
2018,7,7/23/2018,BULL,BULL,0,NA,
2018,7,7/23/2018,AQUE,AQUE,0,NA,
2018,7,7/23/2018,AHND,AHND,0,NA,
2018,7,7/31/2018,AQUE,AQUE,0,NA,
2018,8,8/2/2018,BULL,BULL,0,NA,
2018,8,8/3/2018,MOHK,MOHK,0,NA,
2018,8,8/3/2018,ABUR,ABUR,0,NA,
2018,8,8/6/2018,AQUE,AQUE,0,NA,
2018,8,8/9/2018,IVEE,IVEE,0,NA,
2018,8,8/13/2018,NAPL,NAPL,0,NA,
2018,8,8/14/2018,CARP,CARP,0,NA,
2018,8,8/14/2018,Other,Other,0,NA,
2018,8,8/15/2018,MOHK,MOHK,0,NA,
2018,8,8/15/2018,ABUR,ABUR,0,NA,
2018,8,8/15/2018,GOLB,GOLB,0,NA,
2018,8,8/16/2018,AQUE,AQUE,0,NA,
2018,8,8/20/2018,AQUE,AQUE,0,NA,
2018,8,8/20/2018,AQUE,AQUE,0,NA,
2018,8,8/21/2018,IVEE,IVEE,0,NA,
2018,8,8/21/2018,IVEE,IVEE,0,NA,
2018,8,8/21/2018,GOLB,GOLB,0,NA,
2018,8,8/22/2018,CARP,CARP,0,NA,
2018,8,8/22/2018,CARP,CARP,0,NA,
2018,8,8/22/2018,MOHK,MOHK,0,NA,
2018,8,8/23/2018,NAPL,NAPL,0,NA,
2018,8,8/23/2018,NAPL,NAPL,0,NA,
2018,8,8/24/2018,IVEE,IVEE,0,NA,
2018,8,8/24/2018,MOHK,MOHK,0,NA,
2018,9,9/6/2018,AQUE,AQUE,0,NA,
2018,9,9/7/2018,ABUR,ABUR,0,NA,
2018,9,9/7/2018,MOHK,MOHK,0,NA,
2018,9,9/10/2018,Other,Other,0,NA,
2018,9,9/10/2018,Other,Other,0,NA,
2018,9,9/11/2018,Other,Other,0,NA,
2018,9,9/11/2018,GOLB,GOLB,0,NA,
2018,9,9/12/2018,IVEE,IVEE,0,NA,
2018,9,9/13/2018,Other,Other,0,NA,
2018,9,9/13/2018,Other,Other,0,NA,
2018,9,9/14/2018,Other,Other,0,NA,
2018,9,9/21/2018,AQUE,AQUE,0,NA,
2018,9,9/24/2018,IVEE,IVEE,0,NA,
2018,9,9/24/2018,Other,Other,0,NA,
2018,9,9/25/2018,Other,Other,0,NA,
2018,9,9/25/2018,MOHK,MOHK,0,NA,
2018,9,9/27/2018,CARP,CARP,0,NA,
2018,10,10/4/2018,ABUR,ABUR,0,NA,
2018,10,10/4/2018,MOHK,MOHK,0,NA,
2018,10,10/4/2018,MOHK,MOHK,0,NA,
2018,10,10/5/2018,AQUE,AQUE,0,NA,
2018,10,10/5/2018,AQUE,AQUE,0,NA,
2018,10,10/11/2018,NAPL,NAPL,0,NA,
2018,10,10/11/2018,IVEE,IVEE,0,NA,
2018,10,10/17/2018,AQUE,AQUE,0,NA,
2018,10,10/17/2018,NAPL,NAPL,0,NA,
2018,10,10/18/2018,Other,Other,0,NA,
2018,10,10/23/2018,Other,Other,0,NA,
2018,10,10/24/2018,Other,Other,0,NA,
2018,10,10/29/2018,MOHK,MOHK,0,NA,
2018,10,10/31/2018,GOLB,GOLB,0,NA,
2018,11,11/1/2018,AQUE,AQUE,0,NA,
2018,11,11/2/2018,ABUR,ABUR,0,NA,
2018,11,11/2/2018,MOHK,MOHK,0,NA,
2018,11,11/8/2018,MOHK,MOHK,0,NA,
2018,11,11/9/2018,IVEE,IVEE,0,NA,
2018,11,11/13/2018,NAPL,NAPL,0,NA,
2018,11,11/15/2018,AQUE,AQUE,0,NA,
2018,11,11/16/2018,CARP,CARP,0,NA,
2018,12,12/4/2018,AQUE,AQUE,0,NA,
2018,12,12/11/2018,NAPL,NAPL,0,NA,
2018,12,12/11/2018,ABUR,ABUR,0,NA,
2018,12,12/11/2018,MOHK,MOHK,0,NA,
2018,12,12/13/2018,ALE,ALE,0,NA,
2018,12,12/13/2018,BULL,BULL,0,NA,
2018,12,12/13/2018,AHND ,AHND ,0,NA,
2019,1,1/3/2019,AQUE,AQUE 6,1,Feeding,
2019,1,1/4/2019,MOHK,MOHK,0,NA,
2019,1,1/4/2019,ABUR,ABUR,0,NA,
2019,1,1/7/2019,NAPL,NAPL,0,NA,
